"municipio";"obitos"
"110001 Alta Floresta D'Oeste";7
"110037 Alto Alegre dos Parecis";4
"110040 Alto Para�so";8
"110034 Alvorada D'Oeste";1
"110002 Ariquemes";41
"110045 Buritis";12
"110060 Cacaul�ndia";1
"110004 Cacoal";17
"110070 Campo Novo de Rond�nia";4
"110080 Candeias do Jamari";9
"110005 Cerejeiras";2
"110092 Chupinguaia";8
"110006 Colorado do Oeste";2
"110007 Corumbiara";3
"110008 Costa Marques";2
"110094 Cujubim";3
"110009 Espig�o D'Oeste";4
"110100 Governador Jorge Teixeira";2
"110010 Guajar�-Mirim";10
"110110 Itapu� do Oeste";2
"110011 Jaru";15
"110012 Ji-Paran�";26
"110013 Machadinho D'Oeste";9
"110120 Ministro Andreazza";2
"110130 Mirante da Serra";1
"110140 Monte Negro";7
"110014 Nova Brasil�ndia D'Oeste";6
"110033 Nova Mamor�";9
"110050 Novo Horizonte do Oeste";1
"110015 Ouro Preto do Oeste";7
"110145 Parecis";1
"110018 Pimenta Bueno";6
"110020 Porto Velho";165
"110025 Presidente M�dici";3
"110026 Rio Crespo";1
"110028 Rolim de Moura";9
"110149 S�o Francisco do Guapor�";4
"110032 S�o Miguel do Guapor�";4
"110150 Seringueiras";1
"110160 Theobroma";1
"110170 Urup�";1
"110175 Vale do Anari";2
"110180 Vale do Para�so";2
"110030 Vilhena";44
"110000 Munic�pio ignorado - RO";6
"120001 Acrel�ndia";5
"120005 Assis Brasil";8
"120010 Brasil�ia";7
"120013 Bujari";4
"120017 Capixaba";11
"120020 Cruzeiro do Sul";56
"120025 Epitaciol�ndia";4
"120030 Feij�";15
"120033 M�ncio Lima";7
"120038 Pl�cido de Castro";6
"120080 Porto Acre";4
"120040 Rio Branco";241
"120042 Rodrigues Alves";2
"120043 Santa Rosa do Purus";1
"120050 Sena Madureira";9
"120045 Senador Guiomard";12
"120060 Tarauac�";15
"120070 Xapuri";1
"120000 Munic�pio ignorado - AC";1
"130002 Alvar�es";1
"130006 Amatur�";1
"130010 Anori";4
"130014 Apu�";12
"130020 Atalaia do Norte";2
"130030 Autazes";8
"130040 Barcelos";18
"130050 Barreirinha";2
"130060 Benjamin Constant";7
"130063 Beruri";2
"130068 Boa Vista do Ramos";1
"130070 Boca do Acre";19
"130080 Borba";9
"130083 Caapiranga";4
"130090 Canutama";4
"130100 Carauari";4
"130110 Careiro";16
"130120 Coari";49
"130130 Codaj�s";7
"130140 Eirunep�";27
"130150 Envira";7
"130160 Fonte Boa";7
"130165 Guajar�";9
"130170 Humait�";11
"130180 Ipixuna";2
"130185 Iranduba";21
"130190 Itacoatiara";20
"130200 Itapiranga";1
"130220 Juru�";3
"130240 L�brea";17
"130250 Manacapuru";35
"130255 Manaquiri";1
"130260 Manaus";1052
"130270 Manicor�";11
"130280 Mara�";2
"130290 Mau�s";18
"130310 Nova Olinda do Norte";6
"130320 Novo Air�o";6
"130330 Novo Aripuan�";3
"130340 Parintins";17
"130350 Pauini";3
"130353 Presidente Figueiredo";8
"130356 Rio Preto da Eva";6
"130360 Santa Isabel do Rio Negro";1
"130370 Santo Ant�nio do I��";1
"130380 S�o Gabriel da Cachoeira";12
"130390 S�o Paulo de Oliven�a";2
"130395 S�o Sebasti�o do Uatum�";2
"130400 Silves";1
"130406 Tabatinga";24
"130410 Tapau�";2
"130420 Tef�";21
"130426 Uarini";4
"130430 Urucar�";4
"130440 Urucurituba";2
"130000 Munic�pio ignorado - AM";2
"140005 Alto Alegre";33
"140002 Amajari";4
"140010 Boa Vista";270
"140015 Bonfim";7
"140017 Cant�";13
"140020 Caracara�";23
"140023 Caroebe";4
"140028 Iracema";6
"140030 Mucaja�";16
"140040 Normandia";1
"140045 Pacaraima";2
"140047 Rorain�polis";19
"140050 S�o Jo�o da Baliza";9
"140060 S�o Luiz";5
"140070 Uiramut�";1
"150010 Abaetetuba";86
"150013 Abel Figueiredo";5
"150020 Acar�";29
"150030 Afu�";7
"150034 �gua Azul do Norte";6
"150040 Alenquer";1
"150050 Almeirim";7
"150060 Altamira";92
"150070 Anaj�s";4
"150080 Ananindeua";485
"150085 Anapu";32
"150090 Augusto Corr�a";8
"150095 Aurora do Par�";10
"150100 Aveiro";1
"150110 Bagre";3
"150120 Bai�o";9
"150130 Barcarena";66
"150140 Bel�m";1070
"150145 Belterra";2
"150150 Benevides";65
"150157 Bom Jesus do Tocantins";8
"150160 Bonito";4
"150170 Bragan�a";56
"150172 Brasil Novo";11
"150175 Brejo Grande do Araguaia";4
"150178 Breu Branco";29
"150180 Breves";32
"150190 Bujaru";20
"150200 Cachoeira do Arari";2
"150195 Cachoeira do Piri�";8
"150210 Camet�";20
"150215 Cana� dos Caraj�s";20
"150220 Capanema";34
"150230 Capit�o Po�o";29
"150240 Castanhal";166
"150250 Chaves";1
"150260 Colares";6
"150270 Concei��o do Araguaia";10
"150275 Conc�rdia do Par�";16
"150276 Cumaru do Norte";5
"150277 Curion�polis";16
"150285 Curu�";1
"150290 Curu��";15
"150293 Dom Eliseu";26
"150295 Eldorado do Caraj�s";19
"150300 Faro";1
"150304 Floresta do Araguaia";25
"150307 Garraf�o do Norte";14
"150309 Goian�sia do Par�";13
"150310 Gurup�";5
"150320 Igarap�-A�u";19
"150330 Igarap�-Miri";41
"150340 Inhangapi";9
"150345 Ipixuna do Par�";16
"150350 Irituia";8
"150360 Itaituba";58
"150370 Itupiranga";19
"150375 Jacareacanga";7
"150380 Jacund�";17
"150390 Juruti";6
"150400 Limoeiro do Ajuru";3
"150405 M�e do Rio";19
"150410 Magalh�es Barata";3
"150420 Marab�";205
"150430 Maracan�";5
"150440 Marapanim";12
"150442 Marituba";119
"150445 Medicil�ndia";6
"150450 Melga�o";2
"150460 Mocajuba";12
"150470 Moju";47
"150475 Moju� dos Campos";3
"150480 Monte Alegre";5
"150490 Muan�";2
"150495 Nova Esperan�a do Piri�";22
"150497 Nova Ipixuna";5
"150500 Nova Timboteua";2
"150503 Novo Progresso";29
"150506 Novo Repartimento";32
"150510 �bidos";7
"150520 Oeiras do Par�";1
"150530 Oriximin�";9
"150540 Our�m";10
"150543 Ouril�ndia do Norte";31
"150548 Pacaj�";34
"150549 Palestina do Par�";1
"150550 Paragominas";73
"150553 Parauapebas";126
"150555 Pau D'Arco";2
"150560 Peixe-Boi";3
"150563 Pi�arra";4
"150565 Placas";13
"150570 Ponta de Pedras";3
"150580 Portel";18
"150590 Porto de Moz";4
"150600 Prainha";6
"150610 Primavera";2
"150611 Quatipuru";3
"150613 Reden��o";69
"150616 Rio Maria";11
"150618 Rondon do Par�";25
"150619 Rur�polis";9
"150620 Salin�polis";22
"150630 Salvaterra";5
"150635 Santa B�rbara do Par�";14
"150640 Santa Cruz do Arari";1
"150650 Santa Izabel do Par�";54
"150655 Santa Luzia do Par�";8
"150658 Santa Maria das Barreiras";7
"150660 Santa Maria do Par�";16
"150670 Santana do Araguaia";22
"150680 Santar�m";76
"150690 Santar�m Novo";2
"150700 Santo Ant�nio do Tau�";9
"150710 S�o Caetano de Odivelas";7
"150715 S�o Domingos do Araguaia";14
"150720 S�o Domingos do Capim";17
"150730 S�o F�lix do Xingu";36
"150740 S�o Francisco do Par�";1
"150745 S�o Geraldo do Araguaia";17
"150747 S�o Jo�o de Pirabas";6
"150750 S�o Jo�o do Araguaia";6
"150760 S�o Miguel do Guam�";30
"150770 S�o Sebasti�o da Boa Vista";2
"150775 Sapucaia";1
"150780 Senador Jos� Porf�rio";11
"150790 Soure";3
"150795 Tail�ndia";55
"150796 Terra Alta";8
"150797 Terra Santa";2
"150800 Tom�-A�u";30
"150803 Tracuateua";6
"150805 Trair�o";4
"150808 Tucum�";15
"150810 Tucuru�";63
"150812 Ulian�polis";20
"150815 Uruar�";20
"150820 Vigia";34
"150830 Viseu";7
"150835 Vit�ria do Xingu";14
"150840 Xinguara";9
"150000 Munic�pio ignorado - PA";31
"160010 Amap�";1
"160020 Cal�oene";3
"160021 Cutias";1
"160023 Ferreira Gomes";1
"160025 Itaubal";3
"160027 Laranjal do Jari";10
"160030 Macap�";256
"160040 Mazag�o";2
"160050 Oiapoque";11
"160053 Porto Grande";10
"160055 Pracu�ba";2
"160060 Santana";66
"160005 Serra do Navio";1
"160070 Tartarugalzinho";3
"160080 Vit�ria do Jari";4
"170030 Aguiarn�polis";3
"170040 Almas";3
"170070 Alvorada";1
"170100 Anan�s";2
"170110 Aparecida do Rio Negro";2
"170130 Aragominas";3
"170200 Aragua�u";6
"170210 Aragua�na";91
"170215 Araguan�";1
"170220 Araguatins";8
"170230 Arapoema";4
"170240 Arraias";1
"170255 Augustin�polis";7
"170290 Axix� do Tocantins";3
"170305 Bandeirantes do Tocantins";2
"170310 Barrol�ndia";2
"170320 Bernardo Say�o";3
"170330 Bom Jesus do Tocantins";2
"170360 Brasil�ndia do Tocantins";1
"170370 Brejinho de Nazar�";1
"170380 Buriti do Tocantins";2
"170384 Campos Lindos";4
"170388 Carmol�ndia";1
"170389 Carrasco Bonito";1
"170550 Colinas do Tocantins";10
"171670 Colm�ia";2
"170555 Combinado";2
"170600 Couto Magalh�es";2
"170610 Cristal�ndia";2
"170650 Darcin�polis";3
"170700 Dian�polis";7
"170710 Divin�polis do Tocantins";4
"170740 Esperantina";4
"170765 Figueir�polis";1
"170820 Formoso do Araguaia";8
"170830 Goianorte";1
"170900 Goiatins";5
"170930 Guara�";7
"170950 Gurupi";58
"171050 Itacaj�";2
"171070 Itaguatins";1
"171150 Ja� do Tocantins";1
"171190 Lagoa da Confus�o";6
"171195 Lagoa do Tocantins";2
"171200 Lajeado";1
"171245 Luzin�polis";1
"171250 Marian�polis do Tocantins";3
"171270 Mateiros";1
"171280 Mauril�ndia do Tocantins";1
"171320 Miracema do Tocantins";8
"171330 Miranorte";5
"171360 Monte do Carmo";1
"171420 Natividade";2
"171430 Nazar�";1
"171488 Nova Olinda";3
"171500 Nova Rosal�ndia";1
"171510 Novo Acordo";1
"171525 Novo Jardim";1
"172100 Palmas";97
"171570 Palmeirante";1
"171380 Palmeiras do Tocantins";3
"171575 Palmeir�polis";1
"171610 Para�so do Tocantins";19
"171620 Paran�";5
"171630 Pau D'Arco";1
"171650 Pedro Afonso";6
"171660 Peixe";1
"171750 Pium";1
"171780 Ponte Alta do Bom Jesus";2
"171790 Ponte Alta do Tocantins";3
"171800 Porto Alegre do Tocantins";1
"171820 Porto Nacional";35
"171830 Praia Norte";4
"171850 Recursol�ndia";1
"171880 Sampaio";2
"171884 Sandol�ndia";4
"171886 Santa F� do Araguaia";5
"171888 Santa Maria do Tocantins";1
"171890 Santa Rosa do Tocantins";1
"171900 Santa Tereza do Tocantins";1
"172010 S�o Bento do Tocantins";1
"172020 S�o Miguel do Tocantins";4
"172025 S�o Salvador do Tocantins";1
"172030 S�o Sebasti�o do Tocantins";2
"172065 Silvan�polis";2
"172080 S�tio Novo do Tocantins";3
"172090 Taguatinga";2
"172110 Tocant�nia";4
"172120 Tocantin�polis";5
"172125 Tupirama";1
"172208 Wanderl�ndia";4
"172210 Xambio�";10
"170000 Munic�pio ignorado - TO";8
"210005 A�ail�ndia";41
"210010 Afonso Cunha";1
"210020 Alc�ntara";2
"210030 Aldeias Altas";3
"210040 Altamira do Maranh�o";1
"210043 Alto Alegre do Maranh�o";9
"210047 Alto Alegre do Pindar�";2
"210050 Alto Parna�ba";1
"210055 Amap� do Maranh�o";2
"210060 Amarante do Maranh�o";11
"210070 Anajatuba";2
"210080 Anapurus";1
"210083 Apicum-A�u";3
"210095 Arame";7
"210100 Arari";6
"210110 Axix�";4
"210120 Bacabal";51
"210125 Bacabeira";2
"210130 Bacuri";3
"210135 Bacurituba";1
"210140 Balsas";38
"210160 Barra do Corda";33
"210170 Barreirinhas";9
"210177 Bela Vista do Maranh�o";2
"210173 Bel�gua";1
"210190 Bequim�o";7
"210197 Boa Vista do Gurupi";4
"210200 Bom Jardim";14
"210203 Bom Jesus das Selvas";10
"210207 Bom Lugar";3
"210210 Brejo";3
"210220 Buriti";4
"210230 Buriti Bravo";1
"210232 Buriticupu";41
"210235 Buritirana";1
"210240 Cajapi�";2
"210250 Cajari";3
"210255 Campestre do Maranh�o";7
"210260 C�ndido Mendes";2
"210270 Cantanhede";4
"210275 Capinzal do Norte";1
"210280 Carolina";7
"210290 Carutapera";3
"210300 Caxias";56
"210310 Cedral";1
"210312 Central do Maranh�o";3
"210315 Centro do Guilherme";2
"210317 Centro Novo do Maranh�o";1
"210320 Chapadinha";30
"210325 Cidel�ndia";3
"210330 Cod�";32
"210340 Coelho Neto";17
"210350 Colinas";13
"210355 Concei��o do Lago-A�u";1
"210360 Coroat�";27
"210370 Cururupu";13
"210375 Davin�polis";9
"210380 Dom Pedro";3
"210400 Esperantin�polis";4
"210405 Estreito";14
"210407 Feira Nova do Maranh�o";1
"210409 Formosa da Serra Negra";3
"210410 Fortaleza dos Nogueiras";2
"210420 Fortuna";3
"210430 Godofredo Viana";2
"210440 Gon�alves Dias";5
"210450 Governador Archer";1
"210455 Governador Edison Lob�o";10
"210460 Governador Eug�nio Barros";5
"210462 Governador Luiz Rocha";1
"210465 Governador Newton Bello";2
"210467 Governador Nunes Freire";13
"210480 Graja�";37
"210490 Guimar�es";1
"210500 Humberto de Campos";6
"210510 Icatu";3
"210520 Igarap� Grande";1
"210530 Imperatriz";128
"210540 Itapecuru Mirim";10
"210542 Itinga do Maranh�o";9
"210547 Jenipapo dos Vieiras";1
"210550 Jo�o Lisboa";9
"210560 Josel�ndia";1
"210565 Junco do Maranh�o";3
"210570 Lago da Pedra";19
"210580 Lago do Junco";1
"210594 Lago dos Rodrigues";2
"210590 Lago Verde";8
"210592 Lagoa do Mato";2
"210596 Lagoa Grande do Maranh�o";2
"210598 Lajeado Novo";3
"210600 Lima Campos";1
"210620 Lu�s Domingues";1
"210630 Magalh�es de Almeida";1
"210632 Maraca�um�";2
"210635 Maraj� do Sena";1
"210640 Mata Roma";5
"210650 Matinha";5
"210660 Mat�es";3
"210663 Mat�es do Norte";4
"210670 Mirador";1
"210675 Miranda do Norte";4
"210680 Mirinzal";4
"210690 Mon��o";6
"210700 Montes Altos";4
"210720 Nina Rodrigues";2
"210730 Nova Iorque";1
"210735 Nova Olinda do Maranh�o";6
"210740 Olho d'�gua das Cunh�s";5
"210745 Olinda Nova do Maranh�o";3
"210750 Pa�o do Lumiar";30
"210760 Palmeir�ndia";3
"210770 Paraibano";5
"210780 Parnarama";11
"210790 Passagem Franca";2
"210800 Pastos Bons";1
"210805 Paulino Neves";1
"210820 Pedreiras";9
"210825 Pedro do Ros�rio";4
"210830 Penalva";20
"210840 Peri Mirim";1
"210845 Peritor�";3
"210850 Pindar�-Mirim";13
"210860 Pinheiro";45
"210870 Pio XII";8
"210880 Pirapemas";3
"210890 Po��o de Pedras";3
"210900 Porto Franco";11
"210905 Porto Rico do Maranh�o";1
"210910 Presidente Dutra";16
"210923 Presidente M�dici";2
"210927 Presidente Sarney";4
"210945 Raposa";8
"210950 Riach�o";2
"210955 Ribamar Fiquene";2
"210960 Ros�rio";6
"210970 Samba�ba";2
"210980 Santa Helena";17
"210990 Santa In�s";44
"211000 Santa Luzia";24
"211003 Santa Luzia do Paru�";10
"211010 Santa Quit�ria do Maranh�o";6
"211020 Santa Rita";6
"211027 Santo Amaro do Maranh�o";3
"211030 Santo Ant�nio dos Lopes";3
"211040 S�o Benedito do Rio Preto";1
"211050 S�o Bento";14
"211060 S�o Bernardo";4
"211070 S�o Domingos do Maranh�o";11
"211080 S�o F�lix de Balsas";1
"211085 S�o Francisco do Brej�o";3
"211100 S�o Jo�o Batista";3
"211102 S�o Jo�o do Car�";1
"211105 S�o Jo�o do Para�so";4
"211107 S�o Jo�o do Soter";11
"211110 S�o Jo�o dos Patos";4
"211120 S�o Jos� de Ribamar";64
"211130 S�o Lu�s";315
"211140 S�o Lu�s Gonzaga do Maranh�o";4
"211150 S�o Mateus do Maranh�o";12
"211153 S�o Pedro da �gua Branca";3
"211160 S�o Raimundo das Mangabeiras";2
"211167 S�o Roberto";1
"211170 S�o Vicente Ferrer";2
"211172 Satubinha";2
"211174 Senador Alexandre Costa";2
"211176 Senador La Rocque";6
"211178 Serrano do Maranh�o";3
"211180 S�tio Novo";4
"211190 Sucupira do Norte";2
"211200 Tasso Fragoso";1
"211210 Timbiras";2
"211220 Timon";89
"211223 Trizidela do Vale";6
"211230 Tuntum";11
"211240 Turia�u";6
"211245 Turil�ndia";7
"211250 Tut�ia";7
"211260 Urbano Santos";1
"211270 Vargem Grande";22
"211280 Viana";24
"211285 Vila Nova dos Mart�rios";4
"211290 Vit�ria do Mearim";8
"211300 Vitorino Freire";12
"211400 Z� Doca";25
"210000 Munic�pio ignorado - MA";12
"220010 Agricol�ndia";1
"220020 �gua Branca";6
"220025 Alagoinha do Piau�";1
"220027 Alegrete do Piau�";2
"220040 Altos";3
"220050 Amarante";1
"220090 Aroazes";1
"220100 Arraial";1
"220105 Assun��o do Piau�";2
"220110 Avelino Lopes";2
"220115 Baixa Grande do Ribeiro";1
"220120 Barras";9
"220140 Barro Duro";1
"220150 Batalha";3
"220160 Beneditinos";2
"220177 Boa Hora";1
"220190 Bom Jesus";1
"220191 Bom Princ�pio do Piau�";1
"220196 Brasileira";1
"220198 Brejo do Piau�";2
"220202 Buriti dos Montes";1
"220205 Cabeceiras do Piau�";1
"220208 Cajueiro da Praia";2
"220211 Campo Alegre do Fidalgo";1
"220220 Campo Maior";9
"220225 Canavieira";1
"220230 Canto do Buriti";5
"220253 Cara�bas do Piau�";2
"220270 Cocal";4
"220273 Coivaras";1
"220277 Col�nia do Piau�";1
"220290 Corrente";6
"220310 Cristino Castro";1
"220325 Curralinhos";1
"220330 Demerval Lob�o";6
"220350 Elesb�o Veloso";1
"220360 Eliseu Martins";1
"220370 Esperantina";5
"220380 Flores do Piau�";1
"220390 Floriano";15
"220430 Fronteiras";3
"220450 Guadalupe";2
"220460 Hugo Napole�o";1
"220465 Ilha Grande";2
"220470 Inhuma";2
"220500 Itain�polis";1
"220510 Itaueira";1
"220515 Jacobina do Piau�";1
"220520 Jaic�s";1
"220530 Jerumenha";1
"220540 Joaquim Pires";1
"220550 Jos� de Freitas";10
"220553 Jurema";1
"220557 Lagoa de S�o Francisco";1
"220558 Lagoa do Piau�";2
"220554 Lagoinha do Piau�";2
"220560 Landri Sales";1
"220570 Lu�s Correia";8
"220580 Luzil�ndia";6
"220585 Madeiro";2
"220590 Manoel Em�dio";1
"220620 Miguel Alves";3
"220650 Monsenhor Hip�lito";1
"220660 Monte Alegre do Piau�";2
"220667 Morro do Chap�u do Piau�";1
"220669 Murici dos Portelas";1
"220670 Nazar� do Piau�";1
"220672 Naz�ria";2
"220680 Nossa Senhora dos Rem�dios";1
"220700 Oeiras";3
"220720 Padre Marcos";1
"220740 Palmeira do Piau�";2
"220760 Parnagu�";1
"220770 Parna�ba";25
"220775 Passagem Franca do Piau�";1
"220777 Patos do Piau�";1
"220780 Paulistana";3
"220785 Pavussu";2
"220790 Pedro II";6
"220800 Picos";7
"220810 Pimenteiras";1
"220820 Pio IX";4
"220830 Piracuruca";4
"220840 Piripiri";12
"220850 Porto";2
"220870 Reden��o do Gurgu�ia";2
"220880 Regenera��o";4
"220885 Riacho Frio";1
"220920 Santa Filomena";3
"220930 Santa Luz";1
"220955 S�o Braz do Piau�";2
"220985 S�o Jo�o da Canabrava";1
"220987 S�o Jo�o da Fronteira";2
"220990 S�o Jo�o da Serra";1
"221000 S�o Jo�o do Piau�";1
"221030 S�o Juli�o";1
"221037 S�o Luis do Piau�";1
"221040 S�o Miguel do Tapuio";2
"221060 S�o Raimundo Nonato";5
"221095 Tamboril do Piau�";1
"221100 Teresina";318
"221110 Uni�o";8
"221120 Uru�u�";1
"221130 Valen�a do Piau�";3
"221135 V�rzea Branca";1
"221160 Vila Nova do Piau�";1
"220000 Munic�pio ignorado - PI";13
"230010 Abaiara";1
"230015 Acarape";3
"230020 Acara�";14
"230030 Acopiara";26
"230040 Aiuaba";5
"230050 Alc�ntaras";2
"230070 Alto Santo";2
"230075 Amontada";5
"230080 Antonina do Norte";1
"230090 Apuiar�s";4
"230100 Aquiraz";79
"230110 Aracati";27
"230120 Aracoiaba";6
"230125 Ararend�";2
"230130 Araripe";8
"230140 Aratuba";7
"230150 Arneiroz";5
"230160 Assar�";6
"230170 Aurora";5
"230185 Banabui�";16
"230190 Barbalha";19
"230195 Barreira";14
"230200 Barro";4
"230205 Barroquinha";2
"230210 Baturit�";11
"230220 Beberibe";18
"230230 Bela Cruz";9
"230240 Boa Viagem";20
"230250 Brejo Santo";9
"230260 Camocim";12
"230270 Campos Sales";11
"230280 Canind�";42
"230290 Capistrano";13
"230300 Caridade";12
"230310 Carir�";7
"230320 Cariria�u";7
"230330 Cari�s";4
"230340 Carnaubal";1
"230350 Cascavel";40
"230360 Catarina";4
"230365 Catunda";13
"230370 Caucaia";348
"230380 Cedro";9
"230390 Chaval";5
"230393 Chor�";4
"230395 Chorozinho";27
"230400 Corea�";13
"230410 Crate�s";19
"230420 Crato";51
"230423 Croat�";1
"230425 Cruz";6
"230426 Deputado Irapuan Pinheiro";1
"230427 Erer�";2
"230428 Eus�bio";37
"230430 Farias Brito";1
"230435 Forquilha";18
"230440 Fortaleza";1677
"230445 Fortim";10
"230450 Frecheirinha";6
"230460 General Sampaio";4
"230465 Gra�a";1
"230470 Granja";6
"230480 Granjeiro";2
"230490 Groa�ras";3
"230495 Guai�ba";21
"230500 Guaraciaba do Norte";11
"230510 Guaramiranga";7
"230520 Hidrol�ndia";3
"230523 Horizonte";92
"230526 Ibaretama";4
"230530 Ibiapina";3
"230533 Ibicuitinga";12
"230535 Icapu�";2
"230540 Ic�";24
"230550 Iguatu";37
"230560 Independ�ncia";7
"230565 Ipaporanga";2
"230570 Ipaumirim";2
"230580 Ipu";13
"230590 Ipueiras";10
"230600 Iracema";2
"230620 Itai�aba";2
"230625 Itaitinga";62
"230630 Itapag�";31
"230640 Itapipoca";29
"230650 Itapi�na";15
"230655 Itarema";49
"230660 Itatira";3
"230670 Jaguaretama";6
"230680 Jaguaribara";5
"230690 Jaguaribe";11
"230700 Jaguaruana";16
"230710 Jardim";7
"230720 Jati";2
"230725 Jijoca de Jericoacoara";9
"230730 Juazeiro do Norte";102
"230740 Juc�s";15
"230750 Lavras da Mangabeira";7
"230760 Limoeiro do Norte";21
"230763 Madalena";7
"230765 Maracana�";214
"230770 Maranguape";141
"230780 Marco";17
"230790 Martin�pole";1
"230800 Massap�";14
"230810 Mauriti";18
"230830 Milagres";10
"230835 Milh�";3
"230837 Mira�ma";4
"230840 Miss�o Velha";14
"230850 Momba�a";7
"230860 Monsenhor Tabosa";12
"230870 Morada Nova";36
"230880 Mora�jo";2
"230890 Morrinhos";6
"230900 Mucambo";3
"230910 Mulungu";10
"230920 Nova Olinda";3
"230930 Nova Russas";9
"230940 Novo Oriente";7
"230945 Ocara";9
"230950 Or�s";4
"230960 Pacajus";79
"230970 Pacatuba";65
"230980 Pacoti";16
"231000 Palhano";3
"231010 Palm�cia";13
"231020 Paracuru";15
"231025 Paraipaba";16
"231030 Parambu";12
"231040 Paramoti";3
"231050 Pedra Branca";20
"231070 Pentecoste";23
"231080 Pereiro";1
"231085 Pindoretama";6
"231090 Piquet Carneiro";3
"231095 Pires Ferreira";2
"231100 Poranga";5
"231110 Porteiras";3
"231120 Potengi";2
"231126 Quiterian�polis";11
"231130 Quixad�";62
"231140 Quixeramobim";40
"231150 Quixer�";11
"231160 Reden��o";20
"231170 Reriutaba";3
"231180 Russas";37
"231190 Saboeiro";10
"231195 Salitre";5
"231220 Santa Quit�ria";32
"231200 Santana do Acara�";17
"231210 Santana do Cariri";3
"231230 S�o Benedito";15
"231240 S�o Gon�alo do Amarante";49
"231260 S�o Lu�s do Curu";9
"231270 Senador Pompeu";19
"231280 Senador S�";2
"231290 Sobral";115
"231300 Solon�pole";8
"231310 Tabuleiro do Norte";14
"231320 Tamboril";6
"231330 Tau�";27
"231335 Teju�uoca";5
"231340 Tiangu�";29
"231350 Trairi";37
"231355 Tururu";5
"231360 Ubajara";7
"231375 Umirim";5
"231380 Uruburetama";5
"231390 Uruoca";4
"231395 Varjota";23
"231400 V�rzea Alegre";11
"231410 Vi�osa do Cear�";18
"240020 A�u";35
"240030 Afonso Bezerra";1
"240040 �gua Nova";1
"240050 Alexandria";2
"240060 Almino Afonso";4
"240070 Alto do Rodrigues";9
"240090 Ant�nio Martins";6
"240100 Apodi";16
"240110 Areia Branca";14
"240120 Ar�s";5
"240130 Augusto Severo";2
"240140 Ba�a Formosa";10
"240145 Bara�na";17
"240150 Barcelona";1
"240170 Bom Jesus";12
"240180 Brejinho";5
"240185 Cai�ara do Norte";4
"240200 Caic�";13
"240210 Campo Redondo";2
"240220 Canguaretama";37
"240230 Cara�bas";20
"240240 Carna�ba dos Dantas";2
"240250 Carnaubais";3
"240260 Cear�-Mirim";48
"240270 Cerro Cor�";1
"240280 Coronel Ezequiel";4
"240290 Coronel Jo�o Pessoa";1
"240310 Currais Novos";4
"240330 Encanto";1
"240350 Esp�rito Santo";3
"240360 Extremoz";35
"240370 Felipe Guerra";3
"240380 Flor�nia";5
"240400 Frutuoso Gomes";1
"240420 Goianinha";12
"240430 Governador Dix-Sept Rosado";11
"240440 Grossos";8
"240450 Guamar�";6
"240460 Ielmo Marinho";2
"240470 Ipangua�u";2
"240485 Itaj�";8
"240490 Ita�";2
"240500 Ja�an�";9
"240510 Janda�ra";7
"240520 Jandu�s";5
"240530 Janu�rio Cicco";6
"240540 Japi";2
"240560 Jardim de Piranhas";11
"240580 Jo�o C�mara";19
"240590 Jo�o Dias";1
"240600 Jos� da Penha";3
"240610 Jucurutu";2
"240620 Lagoa d'Anta";9
"240630 Lagoa de Pedras";3
"240650 Lagoa Nova";9
"240660 Lagoa Salgada";8
"240690 Lucr�cia";2
"240710 Maca�ba";84
"240720 Macau";5
"240740 Martins";6
"240750 Maxaranguape";5
"240760 Messias Targino";1
"240770 Montanhas";3
"240780 Monte Alegre";16
"240790 Monte das Gameleiras";1
"240800 Mossor�";243
"240810 Natal";458
"240820 N�sia Floresta";25
"240830 Nova Cruz";17
"240840 Olho-d'�gua do Borges";1
"240880 Parazinho";6
"240890 Parelhas";6
"240325 Parnamirim";109
"240910 Passa e Fica";5
"240920 Passagem";1
"240930 Patu";6
"240940 Pau dos Ferros";6
"240950 Pedra Grande";3
"240970 Pedro Avelino";1
"240980 Pedro Velho";5
"240990 Pend�ncias";2
"241010 Po�o Branco";5
"241020 Portalegre";3
"241025 Porto do Mangue";1
"241040 Pureza";1
"241060 Rafael Godeiro";3
"241090 Riachuelo";2
"240895 Rio do Fogo";11
"241100 Rodolfo Fernandes";1
"241110 Ruy Barbosa";2
"241120 Santa Cruz";6
"241140 Santana do Matos";2
"241142 Santana do Serid�";1
"241150 Santo Ant�nio";13
"241160 S�o Bento do Norte";1
"241170 S�o Bento do Trair�";2
"241190 S�o Francisco do Oeste";2
"241200 S�o Gon�alo do Amarante";102
"241220 S�o Jos� de Mipibu";38
"241230 S�o Jos� do Campestre";5
"241240 S�o Jos� do Serid�";1
"241250 S�o Miguel";5
"241255 S�o Miguel do Gostoso";5
"241260 S�o Paulo do Potengi";15
"241270 S�o Pedro";4
"241280 S�o Rafael";3
"241290 S�o Tom�";8
"241300 S�o Vicente";2
"241310 Senador El�i de Souza";4
"241030 Serra Caiada";2
"241330 Serra de S�o Bento";2
"241335 Serra do Mel";8
"241350 Serrinha";4
"241355 Serrinha dos Pintos";4
"241370 S�tio Novo";1
"241380 Taboleiro Grande";1
"241390 Taipu";4
"241400 Tangar�";7
"241410 Tenente Ananias";3
"241415 Tenente Laurentino Cruz";3
"241105 Tibau";3
"241420 Tibau do Sul";7
"241440 Touros";7
"241445 Triunfo Potiguar";1
"241450 Umarizal";8
"241460 Upanema";10
"241470 V�rzea";2
"241480 Vera Cruz";8
"241500 Vila Flor";1
"240000 Munic�pio ignorado - RN";1
"250010 �gua Branca";2
"250020 Aguiar";2
"250030 Alagoa Grande";8
"250040 Alagoa Nova";8
"250050 Alagoinha";4
"250053 Alcantil";1
"250057 Algod�o de Janda�ra";1
"250060 Alhandra";22
"250077 Aparecida";5
"250080 Ara�agi";4
"250090 Arara";4
"250100 Araruna";8
"250110 Areia";2
"250130 Aroeiras";9
"250150 Bananeiras";5
"250153 Bara�na";2
"250160 Barra de Santa Rosa";4
"250157 Barra de Santana";2
"250180 Bayeux";36
"250190 Bel�m";11
"250200 Bel�m do Brejo do Cruz";2
"250210 Boa Ventura";1
"250215 Boa Vista";1
"250220 Bom Jesus";1
"250230 Bom Sucesso";5
"250240 Bonito de Santa F�";1
"250250 Boqueir�o";6
"250270 Borborema";3
"250280 Brejo do Cruz";7
"250290 Brejo dos Santos";2
"250300 Caapor�";12
"250310 Cabaceiras";1
"250320 Cabedelo";14
"250350 Cacimba de Dentro";7
"250355 Cacimbas";3
"250360 Cai�ara";5
"250370 Cajazeiras";19
"250380 Caldas Brand�o";1
"250390 Camala�";4
"250400 Campina Grande";111
"250403 Capim";2
"250407 Cara�bas";1
"250415 Casserengue";1
"250430 Catol� do Rocha";7
"250435 Caturit�";1
"250440 Concei��o";6
"250450 Condado";1
"250460 Conde";17
"250470 Congo";6
"250480 Coremas";1
"250490 Cruz do Esp�rito Santo";6
"250510 Cuit�";3
"250523 Cuit� de Mamanguape";1
"250520 Cuitegi";2
"250527 Curral de Cima";1
"250530 Curral Velho";1
"250540 Desterro";5
"250560 Diamante";1
"250570 Dona In�s";3
"250580 Duas Estradas";1
"250600 Esperan�a";10
"250610 Fagundes";5
"250620 Frei Martinho";2
"250625 Gado Bravo";2
"250630 Guarabira";12
"250640 Gurinh�m";2
"250660 Ibiara";1
"250670 Imaculada";1
"250680 Ing�";6
"250690 Itabaiana";10
"250700 Itaporanga";4
"250710 Itapororoca";6
"250720 Itatuba";2
"250730 Jacara�";3
"250740 Jeric�";3
"250750 Jo�o Pessoa";255
"250760 Juarez T�vora";3
"250770 Juazeirinho";5
"250780 Junco do Serid�";2
"250790 Juripiranga";3
"250800 Juru";2
"250810 Lagoa";1
"250820 Lagoa de Dentro";3
"250830 Lagoa Seca";9
"250850 Livramento";3
"250855 Logradouro";1
"250860 Lucena";9
"250890 Mamanguape";8
"250900 Mana�ra";5
"250905 Marca��o";2
"250910 Mari";7
"250915 Mariz�polis";2
"250920 Massaranduba";3
"250930 Mataraca";4
"250933 Matinhas";1
"250940 Mogeiro";3
"250950 Montadas";3
"250970 Monteiro";11
"250980 Mulungu";8
"250990 Natuba";1
"251010 Nova Floresta";12
"251040 Olho d'�gua";1
"251065 Parari";2
"251080 Patos";27
"251090 Paulista";2
"251100 Pedra Branca";1
"251120 Pedras de Fogo";24
"251130 Pianc�";5
"251140 Picu�";4
"251180 Pirpirituba";2
"251190 Pitimbu";16
"251200 Pocinhos";5
"251210 Pombal";11
"251220 Prata";1
"251230 Princesa Isabel";3
"251240 Puxinan�";1
"251250 Queimadas";10
"251260 Quixab�";2
"251270 Rem�gio";7
"251274 Riach�o";1
"251280 Riacho dos Cavalos";2
"251290 Rio Tinto";7
"251310 Salgado de S�o F�lix";3
"251335 Santa In�s";1
"251340 Santa Luzia";2
"251370 Santa Rita";99
"251350 Santana de Mangueira";2
"251360 Santana dos Garrotes";1
"251392 S�o Bentinho";1
"251390 S�o Bento";15
"251396 S�o Domingos";1
"251400 S�o Jo�o do Cariri";2
"251410 S�o Jo�o do Tigre";3
"251420 S�o Jos� da Lagoa Tapada";1
"251430 S�o Jos� de Caiana";2
"251450 S�o Jos� de Piranhas";8
"251460 S�o Jos� do Bonfim";1
"251465 S�o Jos� do Brejo do Cruz";2
"251470 S�o Jos� do Sabugi";1
"251480 S�o Jos� dos Cordeiros";3
"251490 S�o Mamede";1
"251500 S�o Miguel de Taipu";1
"251510 S�o Sebasti�o de Lagoa de Ro�a";1
"251520 S�o Sebasti�o do Umbuzeiro";2
"251540 S�o Vicente do Serid�";6
"251530 Sap�";18
"251550 Serra Branca";2
"251590 Serraria";1
"251593 Sert�ozinho";1
"251597 Sobrado";2
"251600 Sol�nea";5
"251615 Soss�go";1
"251620 Sousa";28
"251630 Sum�";5
"251640 Tacima";3
"251650 Tapero�";9
"251660 Tavares";1
"251670 Teixeira";5
"251675 Ten�rio";1
"251690 Uira�na";6
"251700 Umbuzeiro";2
"251710 V�rzea";1
"251720 Vieir�polis";1
"250000 Munic�pio ignorado - PB";4
"260005 Abreu e Lima";43
"260010 Afogados da Ingazeira";5
"260020 Afr�nio";2
"260030 Agrestina";19
"260040 �gua Preta";9
"260050 �guas Belas";20
"260060 Alagoinha";7
"260070 Alian�a";12
"260080 Altinho";11
"260090 Amaraji";15
"260100 Angelim";6
"260105 Ara�oiaba";7
"260110 Araripina";25
"260120 Arcoverde";24
"260130 Barra de Guabiraba";12
"260140 Barreiros";22
"260150 Bel�m de Maria";4
"260160 Bel�m do S�o Francisco";12
"260170 Belo Jardim";35
"260180 Bet�nia";4
"260190 Bezerros";39
"260200 Bodoc�";1
"260210 Bom Conselho";13
"260220 Bom Jardim";15
"260230 Bonito";26
"260240 Brej�o";3
"260260 Brejo da Madre de Deus";25
"260270 Buenos Aires";4
"260280 Bu�que";20
"260290 Cabo de Santo Agostinho";156
"260300 Cabrob�";18
"260310 Cachoeirinha";9
"260320 Caet�s";7
"260330 Cal�ado";4
"260340 Calumbi";2
"260345 Camaragibe";74
"260350 Camocim de S�o F�lix";11
"260360 Camutanga";4
"260370 Canhotinho";8
"260380 Capoeiras";9
"260390 Carna�ba";2
"260392 Carnaubeira da Penha";1
"260400 Carpina";35
"260410 Caruaru";170
"260415 Casinhas";10
"260420 Catende";20
"260430 Cedro";1
"260440 Ch� de Alegria";5
"260450 Ch� Grande";10
"260460 Condado";10
"260470 Correntes";5
"260480 Cort�s";7
"260490 Cumaru";2
"260500 Cupira";25
"260510 Cust�dia";12
"260515 Dormentes";4
"260520 Escada";40
"260530 Exu";3
"260540 Feira Nova";13
"260550 Ferreiros";3
"260560 Flores";3
"260570 Floresta";16
"260580 Frei Miguelinho";3
"260590 Gameleira";29
"260600 Garanhuns";40
"260610 Gl�ria do Goit�";12
"260620 Goiana";32
"260630 Granito";2
"260640 Gravat�";59
"260650 Iati";1
"260660 Ibimirim";9
"260670 Ibirajuba";2
"260680 Igarassu";83
"260690 Iguaracy";4
"260760 Ilha de Itamarac�";12
"260700 Inaj�";8
"260710 Ingazeira";2
"260720 Ipojuca";80
"260730 Ipubi";6
"260740 Itacuruba";1
"260750 Ita�ba";9
"260765 Itamb�";24
"260770 Itapetim";2
"260775 Itapissuma";10
"260780 Itaquitinga";12
"260790 Jaboat�o dos Guararapes";296
"260795 Jaqueira";9
"260800 Jata�ba";3
"260805 Jatob�";1
"260810 Jo�o Alfredo";2
"260820 Joaquim Nabuco";11
"260825 Jucati";2
"260830 Jupi";1
"260840 Jurema";12
"260850 Lagoa de Itaenga";16
"260845 Lagoa do Carro";10
"260860 Lagoa do Ouro";5
"260870 Lagoa dos Gatos";4
"260875 Lagoa Grande";5
"260880 Lajedo";35
"260890 Limoeiro";19
"260900 Macaparana";8
"260910 Machados";3
"260915 Manari";2
"260920 Maraial";7
"260930 Mirandiba";3
"261430 Moreil�ndia";2
"260940 Moreno";31
"260950 Nazar� da Mata";20
"260960 Olinda";163
"260970 Orob�";6
"260980 Oroc�";6
"260990 Ouricuri";18
"261000 Palmares";47
"261010 Palmeirina";5
"261020 Panelas";12
"261030 Paranatama";5
"261040 Parnamirim";6
"261050 Passira";8
"261060 Paudalho";29
"261070 Paulista";122
"261080 Pedra";5
"261090 Pesqueira";26
"261100 Petrol�ndia";9
"261110 Petrolina";137
"261120 Po��o";4
"261130 Pombos";14
"261140 Primavera";14
"261150 Quipap�";6
"261160 Recife";666
"261170 Riacho das Almas";6
"261180 Ribeir�o";28
"261190 Rio Formoso";14
"261200 Sair�";2
"261220 Salgueiro";15
"261230 Salo�";8
"261240 Sanhar�";6
"261245 Santa Cruz";1
"261247 Santa Cruz da Baixa Verde";4
"261250 Santa Cruz do Capibaribe";46
"261255 Santa Filomena";1
"261260 Santa Maria da Boa Vista";20
"261270 Santa Maria do Cambuc�";3
"261280 Santa Terezinha";2
"261290 S�o Benedito do Sul";4
"261300 S�o Bento do Una";23
"261310 S�o Caitano";24
"261320 S�o Jo�o";3
"261330 S�o Joaquim do Monte";12
"261340 S�o Jos� da Coroa Grande";19
"261350 S�o Jos� do Belmonte";6
"261360 S�o Jos� do Egito";5
"261370 S�o Louren�o da Mata";71
"261380 S�o Vicente Ferrer";11
"261390 Serra Talhada";40
"261410 Sert�nia";14
"261420 Sirinha�m";24
"261440 Solid�o";1
"261450 Surubim";19
"261460 Tabira";5
"261470 Tacaimb�";6
"261480 Tacaratu";5
"261485 Tamandar�";14
"261500 Taquaritinga do Norte";16
"261510 Terezinha";1
"261520 Terra Nova";1
"261530 Timba�ba";50
"261540 Toritama";28
"261550 Tracunha�m";7
"261560 Trindade";12
"261570 Triunfo";3
"261580 Tupanatinga";9
"261590 Tuparetama";1
"261600 Venturosa";7
"261610 Verdejante";4
"261618 Vertente do L�rio";8
"261620 Vertentes";15
"261630 Vic�ncia";18
"261640 Vit�ria de Santo Ant�o";72
"261650 Xex�u";13
"260000 Munic�pio ignorado - PE";65
"270010 �gua Branca";4
"270020 Anadia";6
"270030 Arapiraca";102
"270040 Atalaia";21
"270050 Barra de Santo Ant�nio";10
"270060 Barra de S�o Miguel";11
"270070 Batalha";4
"270080 Bel�m";1
"270100 Boca da Mata";11
"270110 Branquinha";2
"270120 Cacimbinhas";1
"270130 Cajueiro";6
"270135 Campestre";2
"270140 Campo Alegre";14
"270150 Campo Grande";5
"270160 Canapi";5
"270170 Capela";7
"270180 Carneiros";2
"270190 Ch� Preta";2
"270200 Coit� do N�ia";7
"270210 Col�nia Leopoldina";19
"270220 Coqueiro Seco";2
"270230 Coruripe";31
"270235 Cra�bas";10
"270240 Delmiro Gouveia";16
"270250 Dois Riachos";5
"270255 Estrela de Alagoas";2
"270260 Feira Grande";8
"270270 Feliz Deserto";1
"270280 Flexeiras";8
"270290 Girau do Ponciano";14
"270300 Ibateguara";10
"270310 Igaci";9
"270320 Igreja Nova";8
"270330 Inhapi";14
"270340 Jacar� dos Homens";1
"270350 Jacu�pe";4
"270360 Japaratinga";2
"270370 Jaramataia";2
"270375 Jequi� da Praia";3
"270380 Joaquim Gomes";10
"270390 Jundi�";2
"270400 Junqueiro";5
"270410 Lagoa da Canoa";12
"270420 Limoeiro de Anadia";7
"270430 Macei�";517
"270440 Major Isidoro";4
"270450 Maragogi";13
"270460 Maravilha";2
"270470 Marechal Deodoro";17
"270480 Maribondo";8
"270500 Mata Grande";3
"270510 Matriz de Camaragibe";13
"270520 Messias";11
"270530 Minador do Negr�o";2
"270550 Murici";24
"270560 Novo Lino";4
"270570 Olho d'�gua das Flores";6
"270580 Olho d'�gua do Casado";4
"270600 Oliven�a";2
"270610 Ouro Branco";4
"270620 Palestina";1
"270630 Palmeira dos �ndios";34
"270640 P�o de A��car";3
"270642 Pariconha";1
"270644 Paripueira";7
"270650 Passo de Camaragibe";3
"270660 Paulo Jacinto";4
"270670 Penedo";22
"270680 Pia�abu�u";7
"270690 Pilar";34
"270710 Piranhas";6
"270720 Po�o das Trincheiras";1
"270730 Porto Calvo";16
"270740 Porto de Pedras";2
"270750 Porto Real do Col�gio";4
"270760 Quebrangulo";1
"270770 Rio Largo";61
"270780 Roteiro";7
"270790 Santa Luzia do Norte";5
"270800 Santana do Ipanema";10
"270810 Santana do Munda�";4
"270820 S�o Br�s";2
"270830 S�o Jos� da Laje";7
"270840 S�o Jos� da Tapera";11
"270850 S�o Lu�s do Quitunde";15
"270860 S�o Miguel dos Campos";26
"270870 S�o Miguel dos Milagres";5
"270880 S�o Sebasti�o";18
"270890 Satuba";7
"270895 Senador Rui Palmeira";1
"270900 Tanque d'Arca";1
"270910 Taquarana";7
"270915 Teot�nio Vilela";16
"270920 Traipu";4
"270930 Uni�o dos Palmares";15
"270940 Vi�osa";10
"280010 Amparo de S�o Francisco";2
"280020 Aquidab�";11
"280030 Aracaju";352
"280040 Arau�";3
"280050 Areia Branca";9
"280060 Barra dos Coqueiros";26
"280067 Boquim";12
"280070 Brejo Grande";3
"280100 Campo do Brito";4
"280110 Canhoba";2
"280120 Canind� de S�o Francisco";14
"280130 Capela";14
"280140 Carira";5
"280150 Carm�polis";7
"280160 Cedro de S�o Jo�o";3
"280170 Cristin�polis";12
"280200 Divina Pastora";4
"280210 Est�ncia";21
"280220 Feira Nova";4
"280230 Frei Paulo";2
"280240 Gararu";1
"280270 Ilha das Flores";2
"280280 Indiaroba";7
"280290 Itabaiana";82
"280300 Itabaianinha";10
"280320 Itaporanga d'Ajuda";18
"280330 Japaratuba";5
"280340 Japoat�";5
"280350 Lagarto";37
"280360 Laranjeiras";29
"280370 Macambira";3
"280380 Malhada dos Bois";1
"280390 Malhador";6
"280400 Maruim";14
"280410 Moita Bonita";5
"280420 Monte Alegre de Sergipe";5
"280430 Muribeca";3
"280440 Ne�polis";5
"280445 Nossa Senhora Aparecida";1
"280450 Nossa Senhora da Gl�ria";6
"280460 Nossa Senhora das Dores";16
"280470 Nossa Senhora de Lourdes";3
"280480 Nossa Senhora do Socorro";118
"280490 Pacatuba";5
"280500 Pedra Mole";1
"280510 Pedrinhas";7
"280530 Pirambu";6
"280540 Po�o Redondo";6
"280550 Po�o Verde";15
"280560 Porto da Folha";6
"280570 Propri�";24
"280580 Riach�o do Dantas";6
"280590 Riachuelo";8
"280600 Ribeir�polis";11
"280610 Ros�rio do Catete";10
"280620 Salgado";4
"280630 Santa Luzia do Itanhy";10
"280650 Santa Rosa de Lima";4
"280660 Santo Amaro das Brotas";4
"280670 S�o Crist�v�o";73
"280680 S�o Domingos";2
"280690 S�o Francisco";3
"280700 S�o Miguel do Aleixo";1
"280710 Sim�o Dias";10
"280720 Siriri";1
"280730 Telha";2
"280740 Tobias Barreto";9
"280750 Tomar do Geru";4
"280760 Umba�ba";9
"290020 Abar�";12
"290030 Acajutiba";17
"290035 Adustina";2
"290040 �gua Fria";5
"290060 Aiquara";1
"290070 Alagoinhas";108
"290080 Alcoba�a";24
"290090 Almadina";4
"290100 Amargosa";8
"290110 Am�lia Rodrigues";34
"290115 Am�rica Dourada";3
"290120 Anag�";1
"290130 Andara�";1
"290135 Andorinha";2
"290140 Angical";4
"290150 Anguera";2
"290160 Antas";5
"290190 Apor�";7
"290195 Apuarema";2
"290205 Ara�as";5
"290200 Aracatu";1
"290210 Araci";24
"290220 Aramari";2
"290225 Arataca";18
"290230 Aratu�pe";5
"290240 Aurelino Leal";5
"290250 Baian�polis";1
"290260 Baixa Grande";12
"290265 Banza�";3
"290270 Barra";8
"290280 Barra da Estiva";11
"290290 Barra do Cho�a";25
"290300 Barra do Mendes";3
"290310 Barra do Rocha";2
"290320 Barreiras";49
"290323 Barro Alto";6
"290330 Barro Preto";10
"290327 Barrocas";5
"290340 Belmonte";28
"290350 Belo Campo";6
"290360 Biritinga";1
"290370 Boa Nova";2
"290380 Boa Vista do Tupim";3
"290390 Bom Jesus da Lapa";36
"290395 Bom Jesus da Serra";1
"290405 Bonito";4
"290410 Boquira";1
"290440 Brejol�ndia";1
"290460 Brumado";13
"290470 Buerarema";11
"290475 Buritirama";2
"290480 Caatiba";1
"290485 Cabaceiras do Paragua�u";3
"290490 Cachoeira";24
"290500 Cacul�";2
"290520 Caetit�";6
"290530 Cafarnaum";3
"290540 Cairu";11
"290550 Caldeir�o Grande";1
"290560 Camacan";23
"290570 Cama�ari";187
"290580 Camamu";23
"290590 Campo Alegre de Lourdes";2
"290600 Campo Formoso";15
"290610 Can�polis";1
"290620 Canarana";12
"290630 Canavieiras";16
"290640 Candeal";1
"290650 Candeias";65
"290660 Candiba";2
"290670 C�ndido Sales";8
"290680 Cansan��o";8
"290682 Canudos";6
"290685 Capela do Alto Alegre";5
"290687 Capim Grosso";19
"290689 Cara�bas";4
"290690 Caravelas";8
"290700 Cardeal da Silva";7
"290710 Carinhanha";6
"290720 Casa Nova";13
"290730 Castro Alves";8
"290750 Catu";26
"290755 Caturama";1
"290760 Central";6
"290770 Chorroch�";1
"290780 C�cero Dantas";21
"290790 Cip�";4
"290800 Coaraci";12
"290810 Cocos";2
"290820 Concei��o da Feira";5
"290830 Concei��o do Almeida";4
"290840 Concei��o do Coit�";36
"290850 Concei��o do Jacu�pe";24
"290860 Conde";13
"290870 Conde�ba";2
"290880 Contendas do Sincor�";1
"290890 Cora��o de Maria";7
"290910 Coribe";1
"290920 Coronel Jo�o S�";2
"290930 Correntina";7
"290940 Cotegipe";2
"290950 Cravol�ndia";1
"290960 Cris�polis";8
"290970 Crist�polis";2
"290980 Cruz das Almas";39
"290990 Cura��";9
"291000 D�rio Meira";3
"291005 Dias d'�vila";39
"291010 Dom Bas�lio";2
"291020 Dom Macedo Costa";2
"291030 El�sio Medrado";2
"291040 Encruzilhada";9
"291050 Entre Rios";44
"291060 Esplanada";28
"291070 Euclides da Cunha";18
"291072 Eun�polis";70
"291075 F�tima";6
"291080 Feira de Santana";256
"291085 Filad�lfia";6
"291090 Firmino Alves";2
"291100 Floresta Azul";3
"291110 Formosa do Rio Preto";4
"291120 Gandu";18
"291130 Gentio do Ouro";1
"291140 Gl�ria";4
"291150 Gongogi";7
"291160 Governador Mangabeira";11
"291170 Guanambi";30
"291180 Guaratinga";9
"291185 Heli�polis";1
"291190 Ia�u";12
"291210 Ibicara�";15
"291220 Ibicoara";4
"291230 Ibicu�";6
"291240 Ibipeba";3
"291250 Ibipitanga";2
"291270 Ibirapitanga";13
"291280 Ibirapu�";2
"291290 Ibirataia";7
"291300 Ibitiara";2
"291310 Ibitit�";2
"291320 Ibotirama";11
"291340 Igapor�";1
"291345 Igrapi�na";12
"291350 Igua�";8
"291360 Ilh�us";81
"291370 Inhambupe";24
"291380 Ipecaet�";1
"291390 Ipia�";16
"291400 Ipir�";20
"291430 Iramaia";4
"291440 Iraquara";2
"291450 Irar�";14
"291460 Irec�";29
"291465 Itabela";22
"291470 Itaberaba";55
"291480 Itabuna";133
"291490 Itacar�";14
"291500 Itaet�";6
"291510 Itagi";9
"291520 Itagib�";1
"291530 Itagimirim";3
"291535 Itagua�u da Bahia";6
"291540 Itaju do Col�nia";5
"291550 Itaju�pe";13
"291560 Itamaraju";42
"291570 Itamari";1
"291580 Itamb�";6
"291590 Itanagra";4
"291600 Itanh�m";7
"291610 Itaparica";30
"291620 Itap�";1
"291630 Itapebi";9
"291640 Itapetinga";15
"291650 Itapicuru";4
"291660 Itapitanga";5
"291670 Itaquara";1
"291680 Itarantim";3
"291685 Itatim";7
"291690 Itiru�u";1
"291700 Iti�ba";15
"291710 Itoror�";5
"291720 Itua�u";1
"291730 Ituber�";16
"291733 Iui�";1
"291735 Jaborandi";1
"291740 Jacaraci";2
"291750 Jacobina";39
"291760 Jaguaquara";15
"291770 Jaguarari";3
"291780 Jaguaripe";4
"291790 Janda�ra";3
"291800 Jequi�";53
"291810 Jeremoabo";6
"291820 Jiquiri��";5
"291830 Jita�na";3
"291835 Jo�o Dourado";7
"291840 Juazeiro";88
"291845 Jucuru�u";3
"291850 Jussara";6
"291855 Jussari";3
"291880 Laje";6
"291890 Lajed�o";1
"291910 Lamar�o";2
"291915 Lap�o";8
"291920 Lauro de Freitas";125
"291930 Len��is";7
"291950 Livramento de Nossa Senhora";7
"291955 Lu�s Eduardo Magalh�es";41
"291960 Macajuba";3
"291970 Macarani";2
"291980 Maca�bas";2
"291990 Macurur�";3
"291992 Madre de Deus";7
"292000 Maiquinique";1
"292010 Mairi";4
"292020 Malhada";2
"292040 Manoel Vitorino";1
"292050 Marac�s";7
"292060 Maragogipe";20
"292070 Mara�";8
"292080 Marcion�lio Souza";3
"292090 Mascote";8
"292100 Mata de S�o Jo�o";24
"292110 Medeiros Neto";12
"292120 Miguel Calmon";10
"292130 Milagres";4
"292140 Mirangaba";2
"292150 Monte Santo";10
"292170 Morro do Chap�u";8
"292200 Mucuri";18
"292205 Mulungu do Morro";7
"292210 Mundo Novo";1
"292220 Muniz Ferreira";5
"292230 Muritiba";13
"292240 Mutu�pe";8
"292250 Nazar�";15
"292260 Nilo Pe�anha";3
"292265 Nordestina";4
"292270 Nova Cana�";5
"292273 Nova F�tima";4
"292275 Nova Ibi�";1
"292290 Nova Soure";15
"292300 Nova Vi�osa";21
"292303 Novo Horizonte";1
"292310 Olindina";9
"292320 Oliveira dos Brejinhos";4
"292330 Ouri�angas";2
"292335 Ourol�ndia";4
"292370 Paratinga";2
"292380 Paripiranga";3
"292390 Pau Brasil";6
"292400 Paulo Afonso";42
"292405 P� de Serra";4
"292410 Pedr�o";1
"292420 Pedro Alexandre";12
"292440 Pil�o Arcado";3
"292450 Pinda�";2
"292460 Pindoba�u";5
"292465 Pintadas";3
"292467 Pira� do Norte";4
"292480 Piritiba";4
"292490 Planaltino";2
"292500 Planalto";12
"292510 Po��es";18
"292520 Pojuca";32
"292525 Ponto Novo";9
"292530 Porto Seguro";141
"292540 Potiragu�";1
"292550 Prado";13
"292575 Presidente Tancredo Neves";4
"292580 Queimadas";3
"292590 Quijingue";7
"292593 Quixabeira";1
"292595 Rafael Jambeiro";2
"292600 Remanso";8
"292610 Retirol�ndia";3
"292620 Riach�o das Neves";8
"292630 Riach�o do Jacu�pe";9
"292640 Riacho de Santana";1
"292650 Ribeira do Amparo";3
"292660 Ribeira do Pombal";24
"292665 Ribeir�o do Largo";1
"292700 Rio Real";26
"292710 Rodelas";7
"292720 Ruy Barbosa";10
"292730 Salinas da Margarida";8
"292740 Salvador";1197
"292750 Santa B�rbara";9
"292760 Santa Br�gida";3
"292770 Santa Cruz Cabr�lia";26
"292780 Santa Cruz da Vit�ria";1
"292790 Santa In�s";2
"292805 Santa Luzia";9
"292810 Santa Maria da Vit�ria";10
"292840 Santa Rita de C�ssia";3
"292850 Santa Teresinha";2
"292800 Santaluz";4
"292820 Santana";3
"292830 Santan�polis";1
"292860 Santo Amaro";17
"292870 Santo Ant�nio de Jesus";75
"292880 Santo Est�v�o";11
"292890 S�o Desid�rio";9
"292895 S�o Domingos";2
"292910 S�o Felipe";8
"292900 S�o F�lix";8
"292905 S�o F�lix do Coribe";7
"292920 S�o Francisco do Conde";17
"292925 S�o Gabriel";7
"292930 S�o Gon�alo dos Campos";5
"292935 S�o Jos� da Vit�ria";6
"292937 S�o Jos� do Jacu�pe";7
"292940 S�o Miguel das Matas";3
"292950 S�o Sebasti�o do Pass�";14
"292960 Sapea�u";5
"292970 S�tiro Dias";15
"292975 Saubara";13
"292980 Sa�de";2
"292990 Seabra";7
"293010 Senhor do Bonfim";17
"293020 Sento S�";4
"293015 Serra do Ramalho";7
"293030 Serra Dourada";7
"293040 Serra Preta";4
"293050 Serrinha";37
"293060 Serrol�ndia";4
"293070 Sim�es Filho";103
"293075 S�tio do Mato";4
"293076 S�tio do Quinto";1
"293077 Sobradinho";12
"293080 Souto Soares";4
"293090 Tabocas do Brejo Velho";1
"293100 Tanha�u";4
"293105 Tanque Novo";1
"293110 Tanquinho";4
"293120 Tapero�";7
"293130 Tapiramut�";6
"293135 Teixeira de Freitas";100
"293140 Teodoro Sampaio";4
"293150 Teofil�ndia";7
"293160 Teol�ndia";9
"293170 Terra Nova";4
"293180 Tremedal";1
"293190 Tucano";20
"293200 Uau�";3
"293210 Uba�ra";1
"293220 Ubaitaba";15
"293230 Ubat�";3
"293245 Umburanas";5
"293250 Una";16
"293270 Uru�uca";12
"293280 Utinga";7
"293290 Valen�a";68
"293300 Valente";7
"293305 V�rzea da Ro�a";4
"293310 V�rzea do Po�o";6
"293315 V�rzea Nova";4
"293317 Varzedo";2
"293320 Vera Cruz";49
"293325 Vereda";1
"293330 Vit�ria da Conquista";214
"293345 Wanderley";3
"293350 Wenceslau Guimar�es";19
"293360 Xique-Xique";19
"290000 Munic�pio ignorado - BA";104
"310020 Abaet�";2
"310030 Abre Campo";4
"310050 A�ucena";3
"310060 �gua Boa";5
"310080 Aguanil";2
"310090 �guas Formosas";6
"310100 �guas Vermelhas";1
"310110 Aimor�s";7
"310130 Alagoa";1
"310150 Al�m Para�ba";4
"310160 Alfenas";11
"310170 Almenara";5
"310180 Alpercata";5
"310190 Alpin�polis";1
"310230 Alvin�polis";3
"310250 Amparo do Serra";1
"310260 Andradas";2
"310285 Angel�ndia";1
"310300 Ant�nio Dias";1
"310340 Ara�ua�";3
"310350 Araguari";29
"310360 Arantina";1
"310370 Araponga";1
"310390 Ara�jos";5
"310400 Arax�";12
"310410 Arceburgo";1
"310420 Arcos";1
"310430 Areado";2
"310440 Argirita";1
"310450 Arinos";3
"310470 Atal�ia";3
"310490 Baependi";1
"310500 Baldim";3
"310520 Bandeira";3
"310530 Bandeira do Sul";1
"310540 Bar�o de Cocais";2
"310550 Bar�o de Monte Alto";1
"310560 Barbacena";6
"310590 Barroso";3
"310620 Belo Horizonte";442
"310630 Belo Oriente";1
"310670 Betim";136
"310690 Bicas";1
"310710 Boa Esperan�a";7
"310730 Bocai�va";6
"310740 Bom Despacho";6
"310750 Bom Jardim de Minas";1
"310780 Bom Jesus do Galho";2
"310800 Bom Sucesso";1
"310825 Bonito de Minas";1
"310855 Brasil�ndia de Minas";7
"310890 Braz�polis";2
"310900 Brumadinho";3
"310920 Buen�polis";2
"310930 Buritis";2
"310940 Buritizeiro";13
"310945 Cabeceira Grande";1
"310270 Cachoeira de Paje�";2
"310980 Cachoeira Dourada";1
"310990 Caetan�polis";3
"311000 Caet�";6
"311030 Caldas";3
"311050 Camanducaia";1
"311060 Cambu�";3
"311070 Cambuquira";1
"311090 Campanha";1
"311100 Campestre";2
"311110 Campina Verde";3
"311120 Campo Belo";16
"311130 Campo do Meio";1
"311140 Campo Florido";2
"311150 Campos Altos";6
"311160 Campos Gerais";6
"311190 Cana Verde";1
"311180 Can�polis";2
"311210 Capara�";1
"311230 Capelinha";8
"311240 Capetinga";2
"311250 Capim Branco";6
"311260 Capin�polis";2
"311300 Cara�";7
"311320 Caranda�";1
"311340 Caratinga";11
"311350 Carbonita";1
"311370 Carlos Chagas";4
"311380 Carm�sia";1
"311390 Carmo da Cachoeira";1
"311400 Carmo da Mata";4
"311420 Carmo do Cajuru";1
"311430 Carmo do Parana�ba";3
"311440 Carmo do Rio Claro";2
"311450 Carm�polis de Minas";1
"311455 Carneirinho";2
"311460 Carrancas";1
"311510 C�ssia";1
"311530 Cataguases";9
"311545 Catuji";5
"311550 Caxambu";1
"311570 Central de Minas";3
"311580 Centralina";1
"311590 Ch�cara";1
"311610 Chapada do Norte";2
"311615 Chapada Ga�cha";2
"311630 Cipot�nea";1
"311650 Claro dos Po��es";1
"311660 Cl�udio";2
"311670 Coimbra";4
"311680 Coluna";1
"311700 Comercinho";1
"311710 Concei��o da Aparecida";1
"311730 Concei��o das Alagoas";1
"311740 Concei��o de Ipanema";4
"311750 Concei��o do Mato Dentro";4
"311770 Concei��o do Rio Verde";1
"311783 C�nego Marinho";1
"311800 Congonhas";8
"311810 Congonhas do Norte";3
"311820 Conquista";2
"311830 Conselheiro Lafaiete";16
"311840 Conselheiro Pena";3
"311860 Contagem";177
"311880 Cora��o de Jesus";2
"311890 Cordisburgo";1
"311910 Corinto";2
"311920 Coroaci";1
"311930 Coromandel";6
"311940 Coronel Fabriciano";18
"311950 Coronel Murta";1
"311995 C�rrego Fundo";1
"312015 Cris�lita";2
"312020 Cristais";2
"312030 Crist�lia";1
"312050 Cristina";2
"312080 Cruz�lia";2
"312090 Curvelo";24
"312100 Datas";2
"312125 Delta";2
"312160 Diamantina";10
"312170 Diogo de Vasconcelos";1
"312180 Dion�sio";2
"312200 Divino";6
"312210 Divino das Laranjeiras";3
"312220 Divinol�ndia de Minas";1
"312230 Divin�polis";62
"312235 Divisa Alegre";4
"312240 Divisa Nova";1
"312245 Divis�polis";1
"312247 Dom Bosco";2
"312250 Dom Cavati";2
"312300 Dores de Campos";1
"312310 Dores de Guanh�es";1
"312360 El�i Mendes";1
"312385 Entre Folhas";1
"312390 Entre Rios de Minas";4
"312400 Erv�lia";4
"312410 Esmeraldas";17
"312420 Espera Feliz";1
"312430 Espinosa";8
"312450 Estiva";1
"312460 Estrela Dalva";1
"312490 Eugen�polis";1
"312510 Extrema";1
"312540 Fel�cio dos Santos";1
"312570 Felixl�ndia";2
"312590 Ferros";1
"312595 Fervedouro";3
"312610 Formiga";8
"312620 Formoso";2
"312650 Francisco Badar�";1
"312670 Francisco S�";2
"312690 Frei Inoc�ncio";2
"312700 Fronteira";1
"312710 Frutal";14
"312720 Funil�ndia";1
"312730 Galil�ia";1
"312770 Governador Valadares";98
"312780 Gr�o Mogol";1
"312790 Grupiara";1
"312800 Guanh�es";6
"312820 Guaraciaba";2
"312830 Guaran�sia";3
"312860 Guarda-Mor";2
"312870 Guaxup�";3
"312900 Guiricema";2
"312930 Iapu";1
"312950 Ibi�";4
"312960 Ibia�";2
"312965 Ibiracatu";1
"312970 Ibiraci";1
"312980 Ibirit�";35
"313005 Icara� de Minas";2
"313010 Igarap�";14
"313050 Ilic�nea";2
"313055 Imb� de Minas";1
"313060 Inconfidentes";1
"313090 Inhapim";2
"313100 Inha�ma";2
"313115 Ipaba";6
"313130 Ipatinga";38
"313160 Ira� de Minas";2
"313170 Itabira";19
"313180 Itabirinha";2
"313190 Itabirito";4
"313210 Itacarambi";5
"313220 Itaguara";1
"313230 Itaip�";8
"313240 Itajub�";6
"313250 Itamarandiba";3
"313260 Itamarati de Minas";1
"313270 Itambacuri";6
"313290 Itamogi";4
"313300 Itamonte";1
"313310 Itanhandu";1
"313320 Itanhomi";2
"313330 Itaobim";10
"313340 Itapagipe";1
"313350 Itapecerica";4
"313380 Ita�na";11
"313400 Itinga";1
"313410 Itueta";3
"313420 Ituiutaba";10
"313430 Itumirim";1
"313440 Iturama";6
"313460 Jaboticatubas";4
"313470 Jacinto";1
"313490 Jacutinga";1
"313500 Jaguara�u";1
"313505 Ja�ba";8
"313507 Jampruca";1
"313510 Jana�ba";22
"313520 Janu�ria";13
"313540 Jeceaba";1
"313550 Jequeri";4
"313560 Jequita�";6
"313580 Jequitinhonha";8
"313600 Joa�ma";3
"313610 Joan�sia";1
"313620 Jo�o Monlevade";10
"313630 Jo�o Pinheiro";16
"313650 Jord�nia";1
"313652 Jos� Gon�alves de Minas";1
"313655 Jos� Raydan";1
"313665 Juatuba";7
"313670 Juiz de Fora";86
"313695 Juven�lia";1
"313700 Ladainha";4
"313710 Lagamar";1
"313720 Lagoa da Prata";2
"313730 Lagoa dos Patos";1
"313740 Lagoa Dourada";1
"313750 Lagoa Formosa";3
"313760 Lagoa Santa";4
"313770 Lajinha";4
"313780 Lambari";1
"313810 Lassance";1
"313820 Lavras";8
"313830 Leandro Ferreira";1
"313840 Leopoldina";6
"313860 Lima Duarte";4
"313862 Limeira do Oeste";1
"313867 Luisburgo";2
"313868 Luisl�ndia";1
"313890 Machacalis";1
"313900 Machado";7
"313920 Malacacheta";6
"313930 Manga";4
"313940 Manhua�u";11
"313950 Manhumirim";5
"313960 Mantena";12
"313980 Mar de Espanha";3
"313970 Maravilhas";1
"314000 Mariana";8
"314010 Marilac";1
"314015 M�rio Campos";1
"314055 Mata Verde";5
"314060 Materl�ndia";4
"314070 Mateus Leme";3
"317150 Mathias Lobato";3
"314085 Matias Cardoso";2
"314090 Matip�";5
"314100 Mato Verde";2
"314110 Matozinhos";6
"314140 Medina";11
"314190 Minduri";1
"314200 Mirabela";2
"314210 Miradouro";2
"314225 Mirav�nia";1
"314250 Monjolos";1
"314280 Monte Alegre de Minas";1
"314290 Monte Azul";1
"314300 Monte Belo";1
"314310 Monte Carmelo";8
"314315 Monte Formoso";1
"314330 Montes Claros";35
"314350 Morada Nova de Minas";1
"314390 Muria�";11
"314400 Mutum";11
"314420 Nacip Raydan";1
"314430 Nanuque";14
"314435 Naque";2
"314437 Natal�ndia";2
"314450 Nazareno";1
"314465 Ninheira";2
"314467 Nova Bel�m";1
"314470 Nova Era";2
"314480 Nova Lima";16
"314500 Nova Ponte";4
"314505 Nova Porteirinha";2
"314520 Nova Serrana";24
"314530 Novo Cruzeiro";6
"314535 Novo Oriente de Minas";4
"314560 Oliveira";1
"314590 Ouro Branco";6
"314600 Ouro Fino";1
"314610 Ouro Preto";7
"314620 Ouro Verde de Minas";1
"314625 Padre Carvalho";3
"314630 Padre Para�so";5
"314650 Pains";1
"314675 Palm�polis";2
"314690 Papagaios";8
"314710 Par� de Minas";14
"314700 Paracatu";34
"314720 Paragua�u";1
"314730 Parais�polis";1
"314740 Paraopeba";2
"314790 Passos";12
"314795 Patis";1
"314800 Patos de Minas";22
"314810 Patroc�nio";26
"314830 Paula C�ndido";1
"314840 Paulistas";2
"314850 Pav�o";6
"314860 Pe�anha";4
"314870 Pedra Azul";4
"314875 Pedra Bonita";2
"314890 Pedra do Indai�";1
"314930 Pedro Leopoldo";18
"314970 Perdig�o";1
"314980 Perdizes";1
"314990 Perd�es";4
"314995 Periquito";5
"315000 Pescador";1
"315015 Piedade de Caratinga";1
"315020 Piedade de Ponte Nova";2
"315053 Pingo-d'�gua";6
"315080 Piranga";3
"315100 Piranguinho";1
"315120 Pirapora";13
"315130 Pira�ba";1
"315140 Pitangui";7
"315150 Piumhi";4
"315160 Planura";2
"315170 Po�o Fundo";1
"315180 Po�os de Caldas";9
"315190 Pocrane";1
"315200 Pomp�u";16
"315210 Ponte Nova";22
"315217 Ponto dos Volantes";2
"315220 Porteirinha";8
"315230 Porto Firme";3
"315250 Pouso Alegre";10
"315280 Prata";8
"315290 Prat�polis";2
"315310 Presidente Bernardes";2
"315320 Presidente Juscelino";1
"315340 Presidente Oleg�rio";4
"315360 Prudente de Morais";7
"315400 Raul Soares";3
"315415 Reduto";1
"315420 Resende Costa";1
"315430 Resplendor";1
"315445 Riachinho";2
"315460 Ribeir�o das Neves";97
"315480 Rio Acima";1
"315490 Rio Casca";1
"315540 Rio Novo";1
"315550 Rio Parana�ba";1
"315560 Rio Pardo de Minas";1
"315570 Rio Piracicaba";1
"315580 Rio Pomba";2
"315600 Rio Vermelho";2
"315630 Rodeiro";1
"315640 Romaria";1
"315670 Sabar�";19
"315680 Sabin�polis";4
"315700 Salinas";1
"315710 Salto da Divisa";2
"315720 Santa B�rbara";4
"315730 Santa B�rbara do Tug�rio";1
"315733 Santa Cruz de Minas";3
"315737 Santa Cruz de Salinas";2
"315765 Santa Helena de Minas";2
"315770 Santa Juliana";3
"315780 Santa Luzia";43
"315790 Santa Margarida";10
"315810 Santa Maria do Salto";1
"315820 Santa Maria do Sua�u�";6
"315920 Santa Rita de Caldas";2
"315935 Santa Rita de Minas";2
"315950 Santa Rita do Itueto";1
"315960 Santa Rita do Sapuca�";1
"315980 Santa Vit�ria";3
"315850 Santana de Pirapama";3
"315860 Santana do Deserto";1
"315890 Santana do Manhua�u";2
"315895 Santana do Para�so";6
"315900 Santana do Riacho";1
"316000 Santo Ant�nio do Aventureiro";1
"316010 Santo Ant�nio do Grama";1
"316020 Santo Ant�nio do Itamb�";1
"316030 Santo Ant�nio do Jacinto";4
"316040 Santo Ant�nio do Monte";1
"316045 Santo Ant�nio do Retiro";1
"316050 Santo Ant�nio do Rio Abaixo";2
"316070 Santos Dumont";5
"316080 S�o Bento Abade";1
"316095 S�o Domingos das Dores";1
"316100 S�o Domingos do Prata";4
"316110 S�o Francisco";7
"316130 S�o Francisco de Sales";1
"316150 S�o Geraldo";1
"316160 S�o Geraldo da Piedade";2
"316165 S�o Geraldo do Baixio";1
"316170 S�o Gon�alo do Abaet�";2
"316180 S�o Gon�alo do Par�";1
"316200 S�o Gon�alo do Sapuca�";2
"316210 S�o Gotardo";14
"316240 S�o Jo�o da Ponte";1
"316245 S�o Jo�o das Miss�es";5
"316250 S�o Jo�o del Rei";3
"316255 S�o Jo�o do Manhua�u";1
"316257 S�o Jo�o do Manteninha";5
"316270 S�o Jo�o do Para�so";2
"316290 S�o Jo�o Nepomuceno";5
"316292 S�o Joaquim de Bicas";15
"316295 S�o Jos� da Lapa";2
"316300 S�o Jos� da Safira";2
"316330 S�o Jos� do Divino";1
"316350 S�o Jos� do Jacuri";1
"316360 S�o Jos� do Mantimento";1
"316370 S�o Louren�o";4
"316380 S�o Miguel do Anta";1
"316420 S�o Rom�o";2
"316447 S�o Sebasti�o do Anta";2
"316450 S�o Sebasti�o do Maranh�o";3
"316460 S�o Sebasti�o do Oeste";1
"316470 S�o Sebasti�o do Para�so";2
"316520 S�o Thom� das Letras";1
"316500 S�o Tiago";1
"316510 S�o Tom�s de Aquino";1
"316550 Sardo�";1
"316553 Sarzedo";5
"316630 Sericita";1
"316680 Serra do Salitre";9
"316670 Serra dos Aimor�s";6
"316690 Serrania";1
"316710 Serro";2
"316720 Sete Lagoas";38
"316555 Setubinha";1
"316760 Simon�sia";4
"316780 Soledade de Minas";1
"316800 Taiobeiras";3
"316830 Taquara�u de Minas";1
"316840 Tarumirim";3
"316850 Teixeiras";5
"316860 Te�filo Otoni";16
"316870 Tim�teo";27
"316880 Tiradentes";1
"316890 Tiros";2
"316900 Tocantins";3
"316930 Tr�s Cora��es";4
"316935 Tr�s Marias";4
"316940 Tr�s Pontas";4
"316950 Tumiritinga";3
"316960 Tupaciguara";3
"316970 Turmalina";2
"316980 Turvol�ndia";1
"316990 Ub�";19
"317000 Uba�";1
"317005 Ubaporanga";2
"317010 Uberaba";40
"317020 Uberl�ndia";74
"317040 Una�";8
"317050 Uruc�nia";1
"317052 Urucuia";2
"317057 Vargem Alegre";1
"317070 Varginha";9
"317075 Varj�o de Minas";1
"317080 V�rzea da Palma";2
"317090 Varzel�ndia";3
"317103 Verdel�ndia";2
"317115 Vermelho Novo";1
"317120 Vespasiano";23
"317130 Vi�osa";23
"317180 Virgin�polis";1
"317200 Visconde do Rio Branco";11
"310000 Munic�pio ignorado - MG";47
"320010 Afonso Cl�udio";7
"320016 �gua Doce do Norte";5
"320013 �guia Branca";2
"320040 Anchieta";8
"320060 Aracruz";26
"320070 Atilio Vivacqua";1
"320080 Baixo Guandu";5
"320090 Barra de S�o Francisco";16
"320100 Boa Esperan�a";2
"320110 Bom Jesus do Norte";2
"320115 Brejetuba";5
"320120 Cachoeiro de Itapemirim";53
"320130 Cariacica";153
"320140 Castelo";5
"320150 Colatina";21
"320160 Concei��o da Barra";11
"320170 Concei��o do Castelo";1
"320190 Domingos Martins";3
"320200 Dores do Rio Preto";1
"320210 Ecoporanga";4
"320220 Fund�o";11
"320230 Gua�u�";2
"320240 Guarapari";43
"320245 Ibatiba";8
"320250 Ibira�u";3
"320255 Ibitirama";1
"320260 Iconha";2
"320265 Irupi";4
"320270 Itagua�u";1
"320280 Itapemirim";7
"320300 I�na";5
"320305 Jaguar�";14
"320310 Jer�nimo Monteiro";2
"320313 Jo�o Neiva";3
"320316 Laranja da Terra";1
"320320 Linhares";66
"320330 Manten�polis";7
"320332 Marata�zes";3
"320334 Marechal Floriano";1
"320335 Maril�ndia";3
"320340 Mimoso do Sul";4
"320370 Muniz Freire";4
"320380 Muqui";1
"320390 Nova Ven�cia";7
"320400 Pancas";6
"320405 Pedro Can�rio";9
"320410 Pinheiros";18
"320420 Pi�ma";4
"320425 Ponto Belo";1
"320430 Presidente Kennedy";2
"320435 Rio Bananal";4
"320440 Rio Novo do Sul";3
"320450 Santa Leopoldina";3
"320455 Santa Maria de Jetib�";4
"320460 Santa Teresa";1
"320465 S�o Domingos do Norte";1
"320470 S�o Gabriel da Palha";7
"320480 S�o Jos� do Cal�ado";2
"320490 S�o Mateus";59
"320495 S�o Roque do Cana�";2
"320500 Serra";212
"320501 Sooretama";14
"320503 Vargem Alta";3
"320506 Venda Nova do Imigrante";3
"320510 Viana";12
"320515 Vila Pav�o";1
"320517 Vila Val�rio";8
"320520 Vila Velha";163
"320530 Vit�ria";86
"320000 Munic�pio ignorado - ES";1
"330010 Angra dos Reis";158
"330015 Aperib�";1
"330020 Araruama";62
"330022 Areal";1
"330023 Arma��o dos B�zios";23
"330025 Arraial do Cabo";13
"330030 Barra do Pira�";17
"330040 Barra Mansa";41
"330045 Belford Roxo";217
"330050 Bom Jardim";6
"330060 Bom Jesus do Itabapoana";7
"330070 Cabo Frio";80
"330080 Cachoeiras de Macacu";19
"330090 Cambuci";2
"330100 Campos dos Goytacazes";242
"330110 Cantagalo";1
"330093 Carapebus";4
"330115 Cardoso Moreira";3
"330120 Carmo";1
"330130 Casimiro de Abreu";19
"330095 Comendador Levy Gasparian";2
"330140 Concei��o de Macabu";5
"330150 Cordeiro";1
"330170 Duque de Caxias";420
"330180 Engenheiro Paulo de Frontin";2
"330185 Guapimirim";15
"330187 Iguaba Grande";13
"330190 Itabora�";163
"330200 Itagua�";71
"330205 Italva";3
"330210 Itaocara";4
"330220 Itaperuna";28
"330225 Itatiaia";19
"330227 Japeri";53
"330230 Laje do Muria�";2
"330240 Maca�";128
"330250 Mag�";119
"330260 Mangaratiba";19
"330270 Maric�";56
"330280 Mendes";1
"330285 Mesquita";42
"330290 Miguel Pereira";1
"330300 Miracema";8
"330320 Nil�polis";37
"330330 Niter�i";122
"330340 Nova Friburgo";25
"330350 Nova Igua�u";326
"330360 Paracambi";19
"330370 Para�ba do Sul";11
"330380 Paraty";27
"330385 Paty do Alferes";12
"330390 Petr�polis";43
"330395 Pinheiral";5
"330400 Pira�";5
"330411 Porto Real";11
"330412 Quatis";3
"330414 Queimados";95
"330415 Quissam�";8
"330420 Resende";63
"330430 Rio Bonito";7
"330452 Rio das Ostras";61
"330455 Rio de Janeiro";1462
"330460 Santa Maria Madalena";2
"330470 Santo Ant�nio de P�dua";10
"330480 S�o Fid�lis";7
"330475 S�o Francisco de Itabapoana";12
"330490 S�o Gon�alo";354
"330500 S�o Jo�o da Barra";7
"330510 S�o Jo�o de Meriti";159
"330515 S�o Jos� do Vale do Rio Preto";2
"330520 S�o Pedro da Aldeia";56
"330530 S�o Sebasti�o do Alto";1
"330540 Sapucaia";2
"330550 Saquarema";27
"330555 Serop�dica";17
"330560 Silva Jardim";8
"330570 Sumidouro";1
"330575 Tangu�";8
"330580 Teres�polis";24
"330590 Trajano de Moraes";1
"330600 Tr�s Rios";20
"330610 Valen�a";5
"330620 Vassouras";4
"330630 Volta Redonda";85
"330000 Munic�pio ignorado - RJ";373
"350010 Adamantina";2
"350030 Agua�";2
"350050 �guas de Lind�ia";1
"350070 Agudos";5
"350080 Alfredo Marcondes";1
"350100 Altin�polis";1
"350115 Alum�nio";1
"350130 �lvares Machado";6
"350150 Alvinl�ndia";3
"350160 Americana";14
"350170 Am�rico Brasiliense";3
"350180 Am�rico de Campos";1
"350190 Amparo";4
"350210 Andradina";10
"350220 Angatuba";2
"350230 Anhembi";1
"350240 Anhumas";1
"350250 Aparecida";5
"350270 Apia�";3
"350275 Ara�ariguama";2
"350280 Ara�atuba";38
"350290 Ara�oiaba da Serra";2
"350320 Araraquara";20
"350330 Araras";6
"350370 Ariranha";2
"350380 Artur Nogueira";3
"350390 Aruj�";11
"350395 Asp�sia";1
"350400 Assis";11
"350410 Atibaia";15
"350420 Auriflama";1
"350440 Avanhandava";2
"350450 Avar�";3
"350460 Bady Bassitt";2
"350470 Balbinos";2
"350480 B�lsamo";1
"350490 Bananal";1
"350530 Barra Bonita";1
"350540 Barra do Turvo";6
"350550 Barretos";9
"350560 Barrinha";3
"350570 Barueri";18
"350590 Batatais";3
"350600 Bauru";28
"350610 Bebedouro";5
"350635 Bertioga";5
"350650 Birigui";6
"350660 Biritiba-Mirim";4
"350680 Bocaina";1
"350690 Bofete";1
"350700 Boituva";4
"350710 Bom Jesus dos Perd�es";1
"350740 Borborema";3
"350750 Botucatu";4
"350760 Bragan�a Paulista";9
"350775 Brejo Alegre";1
"350790 Brotas";1
"350800 Buri";1
"350810 Buritama";2
"350820 Buritizal";2
"350840 Cabre�va";3
"350850 Ca�apava";9
"350860 Cachoeira Paulista";4
"350880 Cafel�ndia";1
"350890 Caiabu";1
"350900 Caieiras";4
"350920 Cajamar";6
"350925 Cajati";1
"350930 Cajobi";1
"350940 Cajuru";1
"350950 Campinas";168
"350960 Campo Limpo Paulista";7
"350970 Campos do Jord�o";1
"350990 Canan�ia";1
"350995 Canas";2
"351000 C�ndido Mota";1
"351015 Canitar";2
"351020 Cap�o Bonito";6
"351030 Capela do Alto";1
"351040 Capivari";2
"351050 Caraguatatuba";22
"351060 Carapicu�ba";48
"351080 Casa Branca";2
"351100 Castilho";5
"351110 Catanduva";15
"351150 Cerquilho";2
"351160 Ces�rio Lange";2
"351170 Charqueada";1
"351200 Colina";1
"351210 Col�mbia";1
"351220 Conchal";5
"351240 Cordeir�polis";2
"351260 Coronel Macedo";2
"351280 Cosm�polis";6
"351300 Cotia";23
"351310 Cravinhos";3
"351320 Cristais Paulista";1
"351340 Cruzeiro";18
"351350 Cubat�o";9
"351360 Cunha";1
"351370 Descalvado";1
"351380 Diadema";72
"351400 Dobrada";1
"351410 Dois C�rregos";1
"351430 Dourado";1
"351440 Dracena";2
"351460 Dumont";1
"351470 Echapor�";1
"351480 Eldorado";1
"351500 Embu das Artes";24
"351510 Embu-Gua�u";5
"351515 Engenheiro Coelho";5
"351518 Esp�rito Santo do Pinhal";3
"351520 Estrela d'Oeste";1
"351540 Fartura";1
"351560 Fernando Prestes";1
"351550 Fernand�polis";4
"351570 Ferraz de Vasconcelos";5
"351620 Franca";19
"351630 Francisco Morato";18
"351640 Franco da Rocha";13
"351670 Gar�a";1
"351700 Getulina";1
"351720 Guai�ara";2
"351740 Gua�ra";5
"351770 Guar�";1
"351820 Guararapes";3
"351830 Guararema";2
"351840 Guaratinguet�";40
"351850 Guare�";2
"351860 Guariba";1
"351870 Guaruj�";48
"351880 Guarulhos";122
"351890 Guzol�ndia";1
"351907 Hortol�ndia";29
"351910 Iacanga";1
"351920 Iacri";2
"351925 Iaras";2
"351930 Ibat�";4
"351950 Ibirarema";1
"351960 Ibitinga";9
"351970 Ibi�na";16
"351980 Ic�m";4
"351990 Iep�";1
"352000 Igara�u do Tiet�";3
"352010 Igarapava";2
"352020 Igarat�";1
"352030 Iguape";5
"352044 Ilha Solteira";3
"352040 Ilhabela";1
"352050 Indaiatuba";9
"352080 In�bia Paulista";1
"352090 Ipaussu";1
"352130 Ipu�";1
"352140 Iracem�polis";1
"352180 Ita�";3
"352200 Itaju";2
"352210 Itanha�m";16
"352220 Itapecerica da Serra";15
"352230 Itapetininga";6
"352240 Itapeva";3
"352250 Itapevi";29
"352260 Itapira";9
"352270 It�polis";5
"352280 Itaporanga";1
"352300 Itapura";1
"352310 Itaquaquecetuba";34
"352320 Itarar�";2
"352330 Itariri";3
"352340 Itatiba";11
"352350 Itatinga";1
"352360 Itirapina";2
"352380 Itobi";1
"352390 Itu";9
"352400 Itupeva";1
"352410 Ituverava";3
"352420 Jaborandi";1
"352430 Jaboticabal";10
"352440 Jacare�";40
"352470 Jaguari�na";3
"352480 Jales";3
"352500 Jandira";17
"352510 Jardin�polis";1
"352520 Jarinu";2
"352530 Ja�";16
"352550 Joan�polis";2
"352560 Jo�o Ramalho";1
"352570 Jos� Bonif�cio";2
"352590 Jundia�";17
"352600 Junqueir�polis";2
"352610 Juqui�";1
"352620 Juquitiba";2
"352650 Lav�nia";2
"352660 Lavrinhas";1
"352670 Leme";16
"352680 Len��is Paulista";3
"352690 Limeira";7
"352700 Lind�ia";1
"352710 Lins";4
"352720 Lorena";32
"352725 Lourdes";1
"352730 Louveira";1
"352780 Lup�rcio";1
"352800 Macatuba";1
"352840 Mairinque";3
"352850 Mairipor�";10
"352860 Manduri";2
"352900 Mar�lia";13
"352920 Martin�polis";1
"352930 Mat�o";4
"352940 Mau�";33
"352970 Miguel�polis";3
"353000 Mira Estrela";1
"352990 Miracatu";3
"353010 Mirand�polis";3
"353020 Mirante do Paranapanema";1
"353030 Mirassol";4
"353050 Mococa";2
"353060 Mogi das Cruzes";28
"353070 Mogi Gua�u";15
"353080 Mogi Mirim";8
"353090 Mombuca";1
"353110 Mongagu�";11
"353130 Monte Alto";3
"353140 Monte Apraz�vel";1
"353180 Monte Mor";9
"353170 Monteiro Lobato";1
"353190 Morro Agudo";9
"353210 Murutinga do Sul";4
"353230 Natividade da Serra";2
"353282 Nova Campina";1
"353300 Nova Granada";1
"353340 Nova Odessa";5
"353350 Novo Horizonte";1
"353370 Ocau�u";2
"353390 Ol�mpia";3
"353400 Onda Verde";1
"353430 Orl�ndia";1
"353440 Osasco";93
"353460 Osvaldo Cruz";3
"353470 Ourinhos";5
"353480 Ouro Verde";1
"353510 Palmares Paulista";1
"353530 Palmital";2
"353540 Panorama";1
"353550 Paragua�u Paulista";2
"353560 Paraibuna";1
"353570 Para�so";1
"353580 Paranapanema";1
"353600 Parapu�";1
"353620 Pariquera-A�u";3
"353650 Paul�nia";10
"353660 Paulo de Faria";1
"353670 Pederneiras";4
"353710 Pedreira";1
"353730 Pen�polis";5
"353740 Pereira Barreto";2
"353750 Pereiras";1
"353760 Peru�be";6
"353780 Piedade";1
"353800 Pindamonhangaba";11
"353860 Piracaia";4
"353870 Piracicaba";54
"353880 Piraju";4
"353900 Pirangi";1
"353910 Pirapora do Bom Jesus";2
"353920 Pirapozinho";5
"353930 Pirassununga";5
"353950 Pitangueiras";6
"353980 Po�";12
"354020 Pontal";3
"354030 Pontes Gestal";1
"354040 Populina";1
"354050 Porangaba";2
"354060 Porto Feliz";2
"354070 Porto Ferreira";5
"354075 Potim";13
"354080 Potirendaba";1
"354090 Prad�polis";2
"354100 Praia Grande";25
"354120 Presidente Bernardes";1
"354130 Presidente Epit�cio";5
"354140 Presidente Prudente";34
"354150 Presidente Venceslau";3
"354160 Promiss�o";4
"354190 Queluz";1
"354220 Rancharia";2
"354230 Reden��o da Serra";1
"354240 Regente Feij�";1
"354250 Regin�polis";2
"354260 Registro";10
"354290 Ribeir�o Bonito";1
"354300 Ribeir�o Branco";2
"354320 Ribeir�o do Sul";1
"354325 Ribeir�o Grande";1
"354330 Ribeir�o Pires";7
"354340 Ribeir�o Preto";61
"354370 Rinc�o";2
"354390 Rio Claro";30
"354410 Rio Grande da Serra";3
"354425 Rosana";2
"354430 Roseira";1
"354460 Sabino";2
"354470 Sagres";1
"354480 Sales";2
"354490 Sales Oliveira";1
"354500 Sales�polis";1
"354520 Salto";10
"354530 Salto de Pirapora";4
"354570 Santa Albertina";1
"354580 Santa B�rbara d'Oeste";13
"354630 Santa Cruz das Palmeiras";3
"354640 Santa Cruz do Rio Pardo";2
"354670 Santa Gertrudes";2
"354680 Santa Isabel";9
"354690 Santa L�cia";2
"354710 Santa Mercedes";1
"354750 Santa Rita do Passa Quatro";4
"354760 Santa Rosa de Viterbo";1
"354730 Santana de Parna�ba";5
"354770 Santo Anast�cio";5
"354780 Santo Andr�";81
"354800 Santo Ant�nio de Posse";2
"354805 Santo Ant�nio do Aracangu�";1
"354850 Santos";22
"354860 S�o Bento do Sapuca�";2
"354870 S�o Bernardo do Campo";59
"354890 S�o Carlos";18
"354910 S�o Jo�o da Boa Vista";2
"354940 S�o Joaquim da Barra";1
"354980 S�o Jos� do Rio Preto";53
"354990 S�o Jos� dos Campos";69
"355010 S�o Manuel";1
"355020 S�o Miguel Arcanjo";2
"355030 S�o Paulo";518
"355060 S�o Roque";6
"355070 S�o Sebasti�o";15
"355080 S�o Sebasti�o da Grama";1
"355090 S�o Sim�o";2
"355100 S�o Vicente";40
"355120 Sarutai�";2
"355130 Sebastian�polis do Sul";1
"355140 Serra Azul";1
"355160 Serra Negra";1
"355150 Serrana";4
"355170 Sert�ozinho";10
"355180 Sete Barras";2
"355190 Sever�nia";1
"355210 Socorro";1
"355220 Sorocaba";74
"355230 Sud Mennucci";1
"355240 Sumar�";33
"355255 Suzan�polis";1
"355250 Suzano";28
"355260 Tabapu�";1
"355270 Tabatinga";2
"355280 Tabo�o da Serra";23
"355310 Taia�u";1
"355340 Tanabi";4
"355370 Taquaritinga";1
"355380 Taquarituba";1
"355390 Tarabai";1
"355395 Tarum�";2
"355400 Tatu�";13
"355410 Taubat�";36
"355430 Teodoro Sampaio";3
"355450 Tiet�";3
"355480 Trememb�";5
"355500 Tup�";3
"355510 Tupi Paulista";1
"355535 Ubarana";1
"355540 Ubatuba";23
"355550 Ubirajara";1
"355570 Uni�o Paulista";1
"355600 Urup�s";1
"355610 Valentim Gentil";3
"355620 Valinhos";5
"355630 Valpara�so";1
"355635 Vargem";2
"355640 Vargem Grande do Sul";2
"355645 Vargem Grande Paulista";2
"355650 V�rzea Paulista";9
"355660 Vera Cruz";1
"355670 Vinhedo";1
"355690 Vista Alegre do Alto";1
"355700 Votorantim";14
"355710 Votuporanga";5
"350000 Munic�pio ignorado - SP";81
"410010 Abati�";2
"410020 Adrian�polis";2
"410030 Agudos do Sul";5
"410040 Almirante Tamandar�";50
"410045 Altamira do Paran�";1
"412862 Alto Para�so";1
"410060 Alto Paran�";2
"410070 Alto Piquiri";3
"410050 Alt�nia";10
"410080 Alvorada do Sul";2
"410090 Amapor�";1
"410100 Amp�re";1
"410110 Andir�";2
"410120 Antonina";1
"410130 Ant�nio Olinto";1
"410140 Apucarana";7
"410150 Arapongas";14
"410160 Arapoti";5
"410170 Araruna";5
"410180 Arauc�ria";37
"410190 Assa�";3
"410200 Assis Chateaubriand";4
"410210 Astorga";5
"410230 Balsa Nova";3
"410240 Bandeirantes";3
"410250 Barbosa Ferraz";1
"410260 Barrac�o";2
"410280 Bela Vista do Para�so";3
"410290 Bituruna";3
"410304 Boa Ventura de S�o Roque";1
"410305 Boa Vista da Aparecida";1
"410310 Bocai�va do Sul";3
"410320 Bom Sucesso";2
"410330 Borraz�polis";1
"410345 Cafel�ndia";2
"410350 Calif�rnia";1
"410360 Cambar�";2
"410370 Camb�";9
"410380 Cambira";2
"410390 Campina da Lagoa";2
"410400 Campina Grande do Sul";18
"410410 Campo do Tenente";3
"410420 Campo Largo";28
"410425 Campo Magro";6
"410430 Campo Mour�o";23
"410440 C�ndido de Abreu";1
"410442 Cand�i";7
"410445 Cantagalo";7
"410450 Capanema";2
"410460 Capit�o Le�nidas Marques";3
"410465 Carambe�";4
"410470 Carl�polis";2
"410480 Cascavel";51
"410490 Castro";8
"410500 Catanduvas";1
"410510 Centen�rio do Sul";2
"410520 Cerro Azul";5
"410530 C�u Azul";1
"410540 Chopinzinho";4
"410550 Cianorte";14
"410560 Cidade Ga�cha";6
"410570 Clevel�ndia";3
"410580 Colombo";58
"410590 Colorado";4
"410600 Congonhinhas";1
"410620 Contenda";3
"410640 Corn�lio Proc�pio";6
"410645 Coronel Domingos Soares";4
"410680 Cruz Machado";6
"410657 Cruzeiro do Igua�u";1
"410660 Cruzeiro do Oeste";7
"410690 Curitiba";377
"410700 Curi�va";3
"410712 Diamante do Sul";1
"410720 Dois Vizinhos";1
"410725 Douradina";2
"410740 En�as Marques";1
"410753 Entre Rios do Oeste";1
"410754 Espig�o Alto do Igua�u";2
"410760 Faxinal";6
"410765 Fazenda Rio Grande";34
"410770 F�nix";1
"410773 Fernandes Pinheiro";1
"410775 Figueira";2
"410785 Flor da Serra do Sul";1
"410830 Foz do Igua�u";104
"410845 Foz do Jord�o";2
"410832 Francisco Alves";6
"410840 Francisco Beltr�o";7
"410850 General Carneiro";2
"410860 Goioer�";6
"410865 Goioxim";6
"410880 Gua�ra";11
"410890 Guaira��";3
"410910 Guaporema";1
"410920 Guaraci";1
"410930 Guarania�u";2
"410940 Guarapuava";32
"410950 Guaraque�aba";1
"410960 Guaratuba";19
"410965 Hon�rio Serpa";1
"410970 Ibaiti";2
"410975 Ibema";2
"410980 Ibipor�";18
"410990 Icara�ma";3
"411000 Iguara�u";1
"411007 Imba�";3
"411010 Imbituva";2
"411020 In�cio Martins";1
"411060 Ipor�";8
"411070 Irati";3
"411080 Iretama";1
"411090 Itaguaj�";1
"411095 Itaipul�ndia";2
"411100 Itambarac�";3
"411110 Itamb�";1
"411120 Itapejara d'Oeste";1
"411125 Itaperu�u";7
"411130 Ita�na do Sul";3
"411140 Iva�";1
"411150 Ivaipor�";8
"411155 Ivat�";1
"411180 Jacarezinho";5
"411190 Jaguapit�";2
"411200 Jaguaria�va";6
"411210 Jandaia do Sul";2
"411220 Jani�polis";1
"411250 Jardim Alegre";1
"411270 Jataizinho";4
"411280 Joaquim T�vora";1
"411295 Juranda";1
"411310 Kalor�";1
"411320 Lapa";13
"411325 Laranjal";1
"411330 Laranjeiras do Sul";5
"411350 Loanda";4
"411360 Lobato";1
"411370 Londrina";62
"411373 Luiziana";1
"411390 Mallet";1
"411400 Mambor�";1
"411410 Mandagua�u";7
"411420 Mandaguari";8
"411430 Mandirituba";5
"411440 Mangueirinha";5
"411450 Manoel Ribas";2
"411460 Marechal C�ndido Rondon";16
"411480 Marialva";2
"411490 Maril�ndia do Sul";3
"411510 Mariluz";2
"411520 Maring�";42
"411540 Marmeleiro";4
"411550 Marumbi";1
"411560 Matel�ndia";6
"411570 Matinhos";20
"411575 Mau� da Serra";2
"411580 Medianeira";8
"411585 Mercedes";2
"411605 Missal";4
"411610 Moreira Sales";8
"411630 Munhoz de Melo";1
"411640 Nossa Senhora das Gra�as";2
"411680 Nova Cantu";2
"411690 Nova Esperan�a";3
"411705 Nova Laranjeiras";1
"411710 Nova Londrina";2
"411725 Nova Prata do Igua�u";1
"411722 Nova Santa Rosa";1
"411727 Nova Tebas";1
"411730 Ortigueira";7
"411750 Pai�andu";6
"411760 Palmas";12
"411770 Palmeira";5
"411780 Palmital";7
"411790 Palotina";5
"411810 Paranacity";4
"411820 Paranagu�";70
"411840 Paranava�";21
"411850 Pato Branco";11
"411880 Peabiru";6
"411885 Perobal";5
"411890 P�rola";3
"411910 Pi�n";1
"411915 Pinhais";31
"411925 Pinhal de S�o Bento";2
"411930 Pinh�o";17
"411940 Pira� do Sul";6
"411950 Piraquara";44
"411960 Pitanga";5
"411980 Planalto";1
"411990 Ponta Grossa";60
"411995 Pontal do Paran�";16
"412000 Porecatu";2
"412010 Porto Amazonas";1
"412035 Pranchita";2
"412040 Presidente Castelo Branco";1
"412050 Primeiro de Maio";3
"412060 Prudent�polis";13
"412065 Quarto Centen�rio";1
"412080 Quatro Barras";3
"412090 Quedas do Igua�u";11
"412100 Quer�ncia do Norte";4
"412110 Quinta do Sol";1
"412120 Quitandinha";3
"412125 Ramil�ndia";1
"412140 Realeza";3
"412150 Rebou�as";4
"412160 Renascen�a";1
"412170 Reserva";9
"412175 Reserva do Igua�u";3
"412180 Ribeir�o Claro";1
"412190 Ribeir�o do Pinhal";2
"412200 Rio Azul";2
"412215 Rio Bonito do Igua�u";6
"412220 Rio Branco do Sul";23
"412230 Rio Negro";9
"412240 Rol�ndia";2
"412250 Roncador";3
"412260 Rondon";3
"412270 Sab�udia";1
"412300 Salto do Lontra";3
"412310 Santa Am�lia";1
"412320 Santa Cec�lia do Pav�o";1
"412330 Santa Cruz de Monte Castelo";1
"412340 Santa F�";4
"412350 Santa Helena";3
"412370 Santa Isabel do Iva�";1
"412380 Santa Izabel do Oeste";1
"412390 Santa Mariana";1
"412395 Santa M�nica";1
"412402 Santa Tereza do Oeste";1
"412405 Santa Terezinha de Itaipu";9
"412400 Santana do Itarar�";2
"412410 Santo Ant�nio da Platina";10
"412420 Santo Ant�nio do Caiu�";1
"412430 Santo Ant�nio do Para�so";1
"412440 Santo Ant�nio do Sudoeste";2
"412450 Santo In�cio";2
"412460 S�o Carlos do Iva�";1
"412470 S�o Jer�nimo da Serra";8
"412480 S�o Jo�o";2
"412490 S�o Jo�o do Caiu�";2
"412500 S�o Jo�o do Iva�";3
"412510 S�o Jo�o do Triunfo";1
"412520 S�o Jorge d'Oeste";2
"412535 S�o Jorge do Patroc�nio";2
"412540 S�o Jos� da Boa Vista";1
"412545 S�o Jos� das Palmeiras";1
"412550 S�o Jos� dos Pinhais";79
"412560 S�o Mateus do Sul";2
"412570 S�o Miguel do Igua�u";10
"412575 S�o Pedro do Igua�u";1
"412580 S�o Pedro do Iva�";2
"412600 S�o Sebasti�o da Amoreira";1
"412610 S�o Tom�";3
"412620 Sapopema";1
"412625 Sarandi";32
"412627 Saudade do Igua�u";2
"412630 Seng�s";4
"412640 Sertaneja";2
"412650 Sertan�polis";2
"412660 Siqueira Campos";2
"412667 Tamarana";4
"412670 Tamboara";1
"412680 Tapejara";4
"412690 Tapira";2
"412710 Tel�maco Borba";27
"412720 Terra Boa";3
"412730 Terra Rica";3
"412740 Terra Roxa";8
"412750 Tibagi";4
"412760 Tijucas do Sul";1
"412770 Toledo";14
"412785 Tr�s Barras do Paran�";3
"412788 Tunas do Paran�";1
"412795 Tup�ssi";3
"412796 Turvo";3
"412800 Ubirat�";6
"412810 Umuarama";19
"412820 Uni�o da Vit�ria";9
"412840 Ura�";1
"412853 Ventania";3
"412860 Ver�";2
"412865 Virmond";1
"412850 Wenceslau Braz";3
"410000 Munic�pio ignorado - PR";32
"420005 Abdon Batista";1
"420010 Abelardo Luz";6
"420060 �guas Mornas";1
"420080 Anchieta";1
"420125 Api�na";5
"420130 Araquari";9
"420140 Ararangu�";7
"420180 Atalanta";1
"420195 Balne�rio Arroio do Silva";5
"420205 Balne�rio Barra do Sul";1
"420200 Balne�rio Cambori�";12
"420207 Balne�rio Gaivota";2
"421280 Balne�rio Pi�arras";3
"422000 Balne�rio Rinc�o";3
"420210 Barra Velha";7
"420213 Bela Vista do Toldo";1
"420220 Benedito Novo";1
"420230 Bigua�u";10
"420240 Blumenau";34
"420250 Bom Jardim da Serra";1
"420260 Bom Retiro";2
"420245 Bombinhas";1
"420270 Botuver�";1
"420280 Bra�o do Norte";3
"420290 Brusque";6
"420300 Ca�ador";12
"420320 Cambori�";29
"420340 Campo Belo do Sul";1
"420360 Campos Novos";2
"420380 Canoinhas";4
"420390 Capinzal";2
"420395 Capivari de Baixo";3
"420400 Catanduvas";1
"420410 Caxambu do Sul";1
"420417 Cerro Negro";1
"420420 Chapec�";31
"420430 Conc�rdia";7
"420455 Correia Pinto";1
"420460 Crici�ma";18
"420480 Curitibanos";7
"420500 Dion�sio Cerqueira";3
"420510 Dona Emma";1
"420517 Entre Rios";1
"420519 Ermo";1
"420520 Erval Velho";2
"420540 Florian�polis";90
"420545 Forquilhinha";3
"420550 Fraiburgo";1
"420570 Garopaba";4
"420580 Garuva";3
"420590 Gaspar";7
"420600 Governador Celso Ramos";1
"420610 Gr�o Par�";1
"420630 Guabiruba";2
"420640 Guaraciaba";1
"420650 Guaramirim";3
"420660 Guaruj� do Sul";1
"420665 Guatamb�";1
"420670 Herval d'Oeste";2
"420690 Ibirama";2
"420700 I�ara";5
"420710 Ilhota";1
"420730 Imbituba";6
"420750 Indaial";6
"420760 Ipira";1
"420768 Ipua�u";3
"420770 Ipumirim";1
"420775 Iraceminha";1
"420780 Irani";2
"420820 Itaja�";26
"420830 Itapema";9
"420840 Itapiranga";3
"420845 Itapo�";5
"420850 Ituporanga";1
"420880 Jaguaruna";1
"420890 Jaragu� do Sul";6
"420900 Joa�aba";1
"420910 Joinville";89
"420915 Jos� Boiteux";1
"420930 Lages";15
"420940 Laguna";8
"420950 Laurentino";1
"420980 Leoberto Leal";1
"420990 Lontras";2
"421000 Luiz Alves";3
"421010 Mafra";2
"421030 Major Vieira";2
"421050 Maravilha";1
"421060 Massaranduba";2
"421100 Monda�";1
"421110 Monte Castelo";1
"421120 Morro da Fuma�a";3
"421130 Navegantes";14
"421145 Nova Itaberaba";1
"421160 Nova Veneza";2
"421170 Orleans";1
"421175 Otac�lio Costa";1
"421185 Ouro Verde";1
"421190 Palho�a";33
"421200 Palma Sola";2
"421220 Papanduva";1
"421225 Passo de Torres";1
"421250 Penha";2
"421290 Pinhalzinho";1
"421320 Pomerode";1
"421340 Ponte Serrada";1
"421350 Porto Belo";3
"421360 Porto Uni�o";3
"421370 Pouso Redondo";2
"421440 Rio das Antas";1
"421480 Rio do Sul";2
"421470 Rio dos Cedros";2
"421500 Rio Negrinho";4
"421505 Rio Rufino";1
"421507 Riqueza";1
"421545 Sang�o";1
"421550 Santa Cec�lia";1
"421567 Santa Terezinha";1
"421570 Santo Amaro da Imperatriz";1
"421580 S�o Bento do Sul";7
"421600 S�o Carlos";1
"421605 S�o Cristov�o do Sul";2
"421610 S�o Domingos";1
"421620 S�o Francisco do Sul";25
"421630 S�o Jo�o Batista";4
"421635 S�o Jo�o do Itaperi�";1
"421650 S�o Joaquim";3
"421660 S�o Jos�";34
"421670 S�o Jos� do Cedro";1
"421690 S�o Louren�o do Oeste";1
"421700 S�o Ludgero";1
"421710 S�o Martinho";1
"421725 S�o Pedro de Alc�ntara";1
"421730 Saudades";1
"421740 Schroeder";1
"421750 Seara";2
"421770 Sombrio";6
"421780 Tai�";1
"421800 Tijucas";3
"421820 Timb�";3
"421830 Tr�s Barras";4
"421850 Treze T�lias";1
"421870 Tubar�o";7
"421880 Turvo";2
"421890 Urubici";2
"421930 Videira";5
"421935 Vitor Meireles";2
"421950 Xanxer�";5
"421970 Xaxim";4
"420000 Munic�pio ignorado - SC";1
"430010 Agudo";2
"430020 Ajuricaba";1
"430030 Alecrim";1
"430040 Alegrete";16
"430047 Almirante Tamandar� do Sul";1
"430050 Alpestre";1
"430060 Alvorada";161
"430063 Amaral Ferrador";1
"430064 Ametista do Sul";1
"430080 Ant�nio Prado";1
"430085 Arambar�";2
"430090 Aratiba";1
"430100 Arroio do Meio";2
"430105 Arroio do Sal";3
"430110 Arroio dos Ratos";3
"430130 Arroio Grande";2
"430140 Arvorezinha";2
"430160 Bag�";17
"430163 Balne�rio Pinhal";6
"430185 Barra do Guarita";1
"430187 Barra do Quara�";1
"430190 Barra do Ribeiro";3
"430200 Barros Cassal";1
"430205 Benjamin Constant do Sul";2
"430210 Bento Gon�alves";47
"430230 Bom Jesus";4
"430235 Bom Princ�pio";1
"430245 Boqueir�o do Le�o";4
"430250 Bossoroca";1
"430265 Brochier";1
"430270 Buti�";17
"430280 Ca�apava do Sul";7
"430290 Cacequi";3
"430300 Cachoeira do Sul";3
"430310 Cachoeirinha";39
"430340 Cai�ara";1
"430350 Camaqu�";5
"430355 Camargo";1
"430367 Campestre da Serra";1
"430380 Campinas do Sul";1
"430390 Campo Bom";3
"430410 Campos Borges";1
"430420 Candel�ria";9
"430435 Candiota";3
"430440 Canela";6
"430450 Cangu�u";2
"430460 Canoas";144
"430463 Cap�o da Canoa";23
"430466 Cap�o do Le�o";8
"430468 Capela de Santana";3
"430471 Cara�";2
"430470 Carazinho";9
"430480 Carlos Barbosa";1
"430510 Caxias do Sul";95
"430517 Cerro Grande do Sul";5
"430535 Charqueadas";7
"430540 Chiapetta";1
"430543 Chu�";2
"430544 Chuvisca";1
"430545 Cidreira";3
"430580 Constantina";2
"430590 Coronel Bicaco";4
"430595 Cotipor�";2
"430600 Crissiumal";3
"430605 Cristal";3
"430610 Cruz Alta";17
"430620 Cruzeiro do Sul";5
"430635 Dezesseis de Novembro";3
"430640 Dois Irm�os";1
"430650 Dom Feliciano";1
"430660 Dom Pedrito";3
"430676 Eldorado do Sul";18
"430680 Encantado";3
"430690 Encruzilhada do Sul";11
"430693 Entre-Iju�s";1
"430700 Erechim";17
"430745 Esperan�a do Sul";1
"430750 Espumoso";2
"430755 Esta��o";1
"430760 Est�ncia Velha";8
"430770 Esteio";22
"430780 Estrela";13
"430783 Eug�nio de Castro";1
"430790 Farroupilha";9
"430805 Faxinalzinho";1
"430807 Fazenda Vilanova";1
"430820 Flores da Cunha";6
"430830 Fontoura Xavier";3
"430850 Frederico Westphalen";9
"430860 Garibaldi";3
"430865 Garruchos";1
"430880 General C�mara";1
"430890 Get�lio Vargas";1
"430900 Giru�";2
"430905 Glorinha";1
"430910 Gramado";7
"430915 Gramado Xavier";2
"430920 Gravata�";90
"430930 Gua�ba";39
"430940 Guapor�";1
"430710 Herval";1
"430960 Horizontina";1
"430990 Ibiraiaras";1
"430995 Ibirapuit�";1
"431000 Ibirub�";1
"431010 Igrejinha";1
"431020 Iju�";5
"431033 Imb�";8
"431036 Imigrante";1
"431040 Independ�ncia";1
"431050 Ira�";5
"431060 Itaqui";5
"431065 Itati";2
"431070 Itatiba do Sul";1
"431080 Ivoti";1
"431085 Jaboticaba";2
"431090 Jacutinga";1
"431100 Jaguar�o";4
"431112 Jaquirana";1
"431113 Jari";2
"431120 J�lio de Castilhos";4
"431130 Lagoa Vermelha";8
"431140 Lajeado";27
"431150 Lavras do Sul";1
"431162 Lindolfo Collor";2
"431171 Ma�ambar�";1
"431170 Machadinho";2
"431173 Mampituba";1
"431180 Marau";4
"431190 Marcelino Ramos";1
"431198 Mariana Pimentel";2
"431205 Marques de Souza";1
"431210 Mata";1
"431225 Minas do Le�o";1
"431237 Monte Alegre dos Campos";1
"431240 Montenegro";2
"431250 Mostardas";3
"431265 N�o-Me-Toque";2
"431270 Nonoai";2
"431275 Nova Alvorada";1
"431280 Nova Ara��";1
"431300 Nova Br�scia";1
"431303 Nova Esperan�a do Sul";1
"431306 Nova Hartz";5
"431310 Nova Palma";2
"431320 Nova Petr�polis";2
"431330 Nova Prata";5
"431337 Nova Santa Rita";4
"431340 Novo Hamburgo";46
"431350 Os�rio";13
"431365 Palmares do Sul";5
"431370 Palmeira das Miss�es";5
"431390 Panambi";6
"431405 Parob�";11
"431406 Passa Sete";2
"431407 Passo do Sobrado";1
"431410 Passo Fundo";34
"431420 Pedro Os�rio";1
"431430 Peju�ara";1
"431440 Pelotas";95
"431442 Picada Caf�";1
"431450 Pinheiro Machado";4
"431455 Pirap�";2
"431470 Planalto";1
"431477 Pont�o";1
"431480 Port�o";9
"431490 Porto Alegre";531
"431510 Porto Xavier";1
"431520 Putinga";2
"431530 Quara�";3
"431532 Quevedos";1
"431540 Redentora";1
"431550 Restinga Seca";4
"431560 Rio Grande";74
"431570 Rio Pardo";9
"431580 Roca Sales";4
"431590 Rodeio Bonito";1
"431600 Rolante";6
"431630 Roque Gonzales";1
"431640 Ros�rio do Sul";3
"431645 Salto do Jacu�";6
"431647 Salvador das Miss�es";1
"431660 Sananduva";1
"431710 Sant'Ana do Livramento";6
"431670 Santa B�rbara do Sul";1
"431675 Santa Clara do Sul";3
"431680 Santa Cruz do Sul";27
"431690 Santa Maria";58
"431695 Santa Maria do Herval";1
"431720 Santa Rosa";7
"431730 Santa Vit�ria do Palmar";6
"431700 Santana da Boa Vista";2
"431740 Santiago";5
"431750 Santo �ngelo";8
"431760 Santo Ant�nio da Patrulha";8
"431770 Santo Ant�nio das Miss�es";1
"431780 Santo Augusto";1
"431800 S�o Borja";5
"431810 S�o Francisco de Assis";2
"431820 S�o Francisco de Paula";6
"431830 S�o Gabriel";12
"431840 S�o Jer�nimo";5
"431850 S�o Jos� do Norte";21
"431870 S�o Leopoldo";56
"431880 S�o Louren�o do Sul";3
"431890 S�o Luiz Gonzaga";5
"431900 S�o Marcos";14
"431915 S�o Miguel das Miss�es";2
"431920 S�o Nicolau";2
"431930 S�o Paulo das Miss�es";1
"431936 S�o Pedro das Miss�es";2
"431940 S�o Pedro do Sul";3
"431950 S�o Sebasti�o do Ca�";1
"431960 S�o Sep�";1
"431970 S�o Valentim";1
"431990 Sapiranga";11
"432000 Sapucaia do Sul";40
"432010 Sarandi";1
"432035 Sentinela do Sul";1
"432040 Serafina Corr�a";2
"432070 Sobradinho";3
"432080 Soledade";6
"432085 Taba�";2
"432090 Tapejara";2
"432110 Tapes";5
"432120 Taquara";9
"432130 Taquari";6
"432145 Teut�nia";4
"432146 Tio Hugo";2
"432147 Tiradentes do Sul";1
"432150 Torres";18
"432160 Tramanda�";24
"432166 Tr�s Cachoeiras";1
"432180 Tr�s de Maio";3
"432190 Tr�s Passos";5
"432195 Trindade do Sul";2
"432200 Triunfo";6
"432210 Tucunduva";1
"432220 Tupanciret�";3
"432225 Tupandi";1
"432237 Unistalda";1
"432240 Uruguaiana";15
"432250 Vacaria";10
"432253 Vale do Sol";2
"432254 Vale Real";1
"432260 Ven�ncio Aires";14
"432270 Vera Cruz";3
"432280 Veran�polis";6
"432300 Viam�o";135
"432310 Vicente Dutra";2
"432330 Vila Flores";2
"432380 Xangri-l�";6
"500020 �gua Clara";3
"500025 Alcin�polis";1
"500060 Amambai";16
"500070 Anast�cio";2
"500090 Ant�nio Jo�o";3
"500100 Aparecida do Taboado";2
"500110 Aquidauana";14
"500124 Aral Moreira";7
"500150 Bandeirantes";3
"500190 Bataguassu";2
"500210 Bela Vista";6
"500220 Bonito";4
"500240 Caarap�";9
"500260 Camapu�";1
"500270 Campo Grande";112
"500280 Caracol";1
"500290 Cassil�ndia";1
"500295 Chapad�o do Sul";4
"500315 Coronel Sapucaia";3
"500320 Corumb�";40
"500325 Costa Rica";6
"500330 Coxim";6
"500345 Deod�polis";2
"500348 Dois Irm�os do Buriti";1
"500350 Douradina";2
"500370 Dourados";61
"500375 Eldorado";5
"500390 Figueir�o";1
"500400 Gl�ria de Dourados";2
"500410 Guia Lopes da Laguna";2
"500430 Iguatemi";1
"500440 Inoc�ncia";1
"500450 Itapor�";4
"500460 Itaquira�";6
"500470 Ivinhema";6
"500480 Japor�";3
"500490 Jaraguari";1
"500500 Jardim";5
"500510 Jate�";1
"500515 Juti";2
"500520 Lad�rio";3
"500540 Maracaju";5
"500560 Miranda";2
"500568 Mundo Novo";12
"500570 Navira�";9
"500580 Nioaque";2
"500600 Nova Alvorada do Sul";3
"500620 Nova Andradina";6
"500627 Para�so das �guas";2
"500630 Parana�ba";6
"500635 Paranhos";11
"500640 Pedro Gomes";2
"500660 Ponta Por�";32
"500690 Porto Murtinho";4
"500710 Ribas do Rio Pardo";4
"500720 Rio Brilhante";10
"500730 Rio Negro";1
"500740 Rio Verde de Mato Grosso";5
"500769 S�o Gabriel do Oeste";4
"500780 Selv�ria";1
"500770 Sete Quedas";9
"500790 Sidrol�ndia";8
"500793 Sonora";10
"500795 Tacuru";4
"500800 Terenos";3
"500830 Tr�s Lagoas";25
"510010 Acorizal";1
"510020 �gua Boa";9
"510025 Alta Floresta";13
"510030 Alto Araguaia";6
"510040 Alto Gar�as";1
"510050 Alto Paraguai";2
"510060 Alto Taquari";3
"510080 Apiac�s";7
"510125 Araputanga";2
"510130 Aren�polis";7
"510140 Aripuan�";9
"510170 Barra do Bugres";14
"510180 Barra do Gar�as";13
"510185 Bom Jesus do Araguaia";1
"510190 Brasnorte";2
"510250 C�ceres";16
"510260 Campin�polis";3
"510263 Campo Novo do Parecis";11
"510267 Campo Verde";11
"510268 Campos de J�lio";3
"510270 Canarana";7
"510279 Carlinda";3
"510285 Castanheira";4
"510300 Chapada dos Guimar�es";1
"510305 Cl�udia";3
"510320 Col�der";11
"510325 Colniza";7
"510330 Comodoro";6
"510335 Confresa";8
"510336 Conquista D'Oeste";1
"510337 Cotrigua�u";5
"510340 Cuiab�";126
"510345 Denise";1
"510350 Diamantino";12
"510370 Feliz Natal";5
"510380 Figueir�polis D'Oeste";1
"510385 Ga�cha do Norte";1
"510395 Gl�ria D'Oeste";1
"510410 Guarant� do Norte";17
"510420 Guiratinga";2
"510452 Ipiranga do Norte";1
"510454 Itanhang�";1
"510460 Itiquira";4
"510480 Jaciara";9
"510490 Jangada";2
"510510 Juara";3
"510515 Ju�na";13
"510517 Juruena";2
"510520 Juscimeira";1
"510525 Lucas do Rio Verde";29
"510558 Marcel�ndia";2
"510560 Matup�";6
"510562 Mirassol d'Oeste";4
"510590 Nobres";4
"510600 Nortel�ndia";1
"510610 Nossa Senhora do Livramento";3
"510615 Nova Bandeirantes";8
"510620 Nova Brasil�ndia";1
"510621 Nova Cana� do Norte";3
"510880 Nova Guarita";1
"510618 Nova Lacerda";1
"510885 Nova Maril�ndia";1
"510890 Nova Maring�";3
"510895 Nova Monte Verde";1
"510622 Nova Mutum";16
"510623 Nova Ol�mpia";9
"510619 Nova Santa Helena";1
"510624 Nova Ubirat�";2
"510625 Nova Xavantina";2
"510626 Novo Mundo";2
"510629 Parana�ta";3
"510630 Paranatinga";13
"510637 Pedra Preta";2
"510642 Peixoto de Azevedo";13
"510645 Planalto da Serra";1
"510650 Pocon�";16
"510665 Pontal do Araguaia";1
"510670 Ponte Branca";1
"510675 Pontes e Lacerda";33
"510677 Porto Alegre do Norte";5
"510680 Porto dos Ga�chos";2
"510682 Porto Esperidi�o";8
"510700 Poxor�o";17
"510704 Primavera do Leste";16
"510706 Quer�ncia";5
"510715 Reserva do Caba�al";2
"510718 Ribeir�o Cascalheira";4
"510720 Rio Branco";3
"510760 Rondon�polis";53
"510770 Ros�rio Oeste";3
"510775 Salto do C�u";1
"510724 Santa Carmem";1
"510774 Santa Cruz do Xingu";2
"510726 Santo Afonso";1
"510780 Santo Ant�nio do Leverger";4
"510785 S�o F�lix do Araguaia";2
"510730 S�o Jos� do Rio Claro";5
"510710 S�o Jos� dos Quatro Marcos";6
"510740 S�o Pedro da Cipa";2
"510787 Sapezal";2
"510790 Sinop";45
"510792 Sorriso";42
"510794 Tabapor�";3
"510795 Tangar� da Serra";38
"510800 Tapurah";8
"510805 Terra Nova do Norte";4
"510820 Torixor�u";1
"510830 Uni�o do Sul";1
"510840 V�rzea Grande";86
"510850 Vera";6
"510550 Vila Bela da Sant�ssima Trindade";8
"510860 Vila Rica";6
"510000 Munic�pio ignorado - MT";4
"520005 Abadia de Goi�s";6
"520010 Abadi�nia";7
"520013 Acre�na";11
"520015 Adel�ndia";2
"520017 �gua Fria de Goi�s";1
"520020 �gua Limpa";1
"520025 �guas Lindas de Goi�s";63
"520030 Alex�nia";14
"520055 Alto Horizonte";3
"520060 Alto Para�so de Goi�s";2
"520080 Alvorada do Norte";5
"520082 Amaralina";1
"520085 Americano do Brasil";4
"520110 An�polis";148
"520130 Anicuns";11
"520140 Aparecida de Goi�nia";264
"520145 Aparecida do Rio Doce";3
"520160 Ara�u";3
"520170 Aragar�as";8
"520180 Aragoi�nia";3
"520215 Araguapaz";4
"520250 Aruan�";2
"520280 Avelin�polis";1
"520310 Baliza";1
"520320 Barro Alto";3
"520330 Bela Vista de Goi�s";9
"520340 Bom Jardim de Goi�s";1
"520350 Bom Jesus de Goi�s";17
"520355 Bonfin�polis";3
"520357 Bon�polis";1
"520360 Brazabrantes";1
"520380 Brit�nia";1
"520390 Buriti Alegre";8
"520393 Buriti de Goi�s";1
"520396 Buritin�polis";1
"520400 Cabeceiras";1
"520410 Cachoeira Alta";2
"520425 Cachoeira Dourada";2
"520430 Ca�u";2
"520440 Caiap�nia";4
"520450 Caldas Novas";34
"520460 Campestre de Goi�s";1
"520470 Campinorte";3
"520480 Campo Alegre de Goi�s";3
"520485 Campo Limpo de Goi�s";4
"520490 Campos Belos";6
"520495 Campos Verdes";5
"520510 Catal�o";23
"520530 Cavalcante";1
"520540 Ceres";2
"520549 Cidade Ocidental";34
"520551 Cocalzinho de Goi�s";7
"520552 Colinas do Sul";2
"520580 Corumb� de Goi�s";1
"520620 Cristalina";36
"520640 Crix�s";4
"520690 Davin�polis";1
"520830 Divin�polis de Goi�s";1
"520725 Doverl�ndia";1
"520735 Edealina";1
"520740 Ed�ia";8
"520750 Estrela do Norte";1
"520753 Faina";4
"520760 Fazenda Nova";1
"520780 Firmin�polis";1
"520790 Flores de Goi�s";4
"520800 Formosa";71
"520815 Gameleira de Goi�s";2
"520840 Goian�polis";6
"520860 Goian�sia";15
"520870 Goi�nia";578
"520880 Goianira";34
"520890 Goi�s";8
"520910 Goiatuba";9
"520915 Gouvel�ndia";3
"520920 Guap�";8
"520929 Guara�ta";1
"520945 Guarinos";1
"520960 Heitora�";2
"520970 Hidrol�ndia";7
"520980 Hidrolina";2
"520990 Iaciara";2
"520993 Inaciol�ndia";4
"520995 Indiara";6
"521000 Inhumas";15
"521010 Ipameri";9
"521015 Ipiranga de Goi�s";1
"521020 Ipor�";11
"521040 Itabera�";44
"521056 Itaguari";3
"521080 Itaj�";1
"521090 Itapaci";12
"521100 Itapirapu�";1
"521120 Itapuranga";8
"521130 Itarum�";3
"521140 Itau�u";1
"521150 Itumbiara";49
"521170 Jandaia";1
"521180 Jaragu�";15
"521190 Jata�";20
"521210 Jovi�nia";1
"521220 Jussara";6
"521225 Lagoa Santa";1
"521230 Leopoldo de Bulh�es";1
"521250 Luzi�nia";95
"521260 Mairipotaba";1
"521270 Mamba�";2
"521295 Matrinch�";2
"521300 Mauril�ndia";10
"521308 Mina�u";5
"521310 Mineiros";11
"521375 Montividiu";4
"521377 Montividiu do Norte";1
"521380 Morrinhos";10
"521400 Mozarl�ndia";7
"521405 Mundo Novo";3
"521440 Naz�rio";2
"521450 Ner�polis";10
"521460 Niquel�ndia";24
"521486 Nova Gl�ria";1
"521487 Nova Igua�u de Goi�s";1
"521500 Nova Veneza";5
"521523 Novo Gama";37
"521530 Orizona";2
"521540 Ouro Verde de Goi�s";1
"521550 Ouvidor";1
"521560 Padre Bernardo";9
"521570 Palmeiras de Goi�s";10
"521590 Palmin�polis";3
"521600 Panam�";1
"521630 Paranaiguara";2
"521640 Para�na";3
"521680 Petrolina de Goi�s";1
"521710 Piracanjuba";6
"521720 Piranhas";2
"521730 Piren�polis";4
"521740 Pires do Rio";12
"521760 Planaltina";65
"521770 Pontalina";1
"521800 Porangatu";7
"521805 Porteir�o";3
"521810 Portel�ndia";1
"521830 Posse";15
"521839 Professor Jamil";1
"521850 Quirin�polis";17
"521860 Rialma";1
"521870 Rian�polis";3
"521878 Rio Quente";1
"521880 Rio Verde";56
"521890 Rubiataba";1
"521900 Sanclerl�ndia";2
"521910 Santa B�rbara de Goi�s";2
"521930 Santa Helena de Goi�s";5
"521940 Santa Rita do Araguaia";2
"521945 Santa Rita do Novo Destino";1
"521950 Santa Rosa de Goi�s";1
"521970 Santa Terezinha de Goi�s";6
"521971 Santo Ant�nio da Barra";1
"521973 Santo Ant�nio de Goi�s";2
"521975 Santo Ant�nio do Descoberto";27
"521990 S�o Francisco de Goi�s";1
"522000 S�o Jo�o d'Alian�a";1
"522010 S�o Lu�s de Montes Belos";2
"522015 S�o Lu�z do Norte";1
"522020 S�o Miguel do Araguaia";7
"522026 S�o Miguel do Passa Quatro";1
"522040 S�o Sim�o";5
"522045 Senador Canedo";60
"522050 Serran�polis";1
"522060 Silv�nia";7
"522068 Simol�ndia";2
"522100 Taquaral de Goi�s";5
"522108 Teresina de Goi�s";1
"522119 Terez�polis de Goi�s";1
"522130 Tr�s Ranchos";1
"522140 Trindade";82
"522150 Turv�nia";1
"522157 Uirapuru";1
"522160 Urua�u";8
"522170 Uruana";6
"522180 Uruta�";1
"522185 Valpara�so de Goi�s";68
"522200 Vian�polis";2
"522205 Vicentin�polis";4
"522220 Vila Boa";3
"522230 Vila Prop�cio";2
"520000 Munic�pio ignorado - GO";40
"530010 Bras�lia";528